carpark_id,latitude,longitude
ACB,1.3010632720874966,103.85411804993062
ACM,1.3210042901059609,103.88506094761496
AH1,1.328283495109407,103.84461988914568
AK19,1.36909121614356,103.83498485034055
AK31,1.3661204243173295,103.84663563161574
AK52,1.3724386334422467,103.85029569742481
AK9,1.3835990576551445,103.8483680866534
AM14,1.3687410945550118,103.84030110265202
AM16,1.3703498012136124,103.83571828515677
AM18,1.3655400127862634,103.84461939021914
AM19,1.3688861979339544,103.83453102382205
AM20,1.3646977329371188,103.84608858611757
AM22,1.3645882914751264,103.84765302635225
AM32,1.3705325244610713,103.8343768155432
AM43,1.3686107186719942,103.85730354666741
AM46,1.3721783233234015,103.85339638441604
AM51,1.369915001718853,103.84669851649676
AM64,1.3714570202946914,103.85309824605719
AM79,1.3723282292064236,103.85132794564834
AM80,1.3706469901715583,103.84186149048261
AM81,1.3716392420558656,103.84194781252401
AM96,1.3640741492788215,103.85094037122862
AR1L,1.3038767185244577,103.78263177920336
AR1M,1.3028486840208244,103.7836667743232
AR2L,1.3059132344622109,103.78115465517361
AR2M,1.3047388928304149,103.78167448932463
AR5M,1.307343526593196,103.78446333008414
AR7L,1.305807720561871,103.7855911365702
AR7M,1.3047713772680545,103.78519200383877
AR9,1.3072843627095663,103.78343964059528
AV1,1.2855825549923126,103.80321526415888
A1,1.3667143987756958,103.84171281191207
A10,1.3686329816140796,103.8445240151766
A100,1.3779874731949442,103.842602544842
A101,1.3830389165845827,103.84173950080415
A102,1.368355983880076,103.83375737921092
A11,1.3670355338571134,103.8381810968511
A12,1.3685678874797558,103.83875932066391
A13,1.3680002216512899,103.83680961188561
A15,1.3669676105068467,103.84041745596973
A2,1.3662370557741221,103.84304639719952
A20,1.3649433806415425,103.84845709182149
A21,1.3681275586189163,103.8463132241709
A23,1.3673354664536144,103.8489133401168
A24,1.3647534118811007,103.84939765277373
A25,1.3627693074285172,103.85162748927652
A26,1.3727702022189985,103.83544756414679
A27,1.3703630515467693,103.8383206515405
A28,1.3716499282813763,103.83746428814854
A29,1.3672262594201823,103.84871559664501
A30,1.3709897466881407,103.84241897219825
A30A,1.3702188426869566,103.84275051934156
A31,1.3704511192782494,103.84369994453257
A31A,1.3718593403230517,103.84365816613547
A33,1.3700210113414353,103.83469194577
A34,1.368356473219034,103.85166737410135
A35,1.3686463926053345,103.85408147411323
A36,1.3664071280973518,103.85527878732958
A37,1.3681130684869152,103.85555655070138
A38,1.3639637058040284,103.85458838271062
A39,1.361151021658679,103.85407215463408
A4,1.365691620587143,103.84119216501767
A40,1.3623561505378592,103.8569820859847
A41,1.364936935305799,103.85693260004962
A42,1.3665801816289644,103.85736389239304
A43,1.3659967355493308,103.85926727197639
A44,1.367205743273234,103.8589905085286
A45,1.370917693067466,103.85523049600965
A47,1.3705581670513376,103.85924660891077
A48,1.370371281457812,103.85465226092984
A49,1.3713296059549298,103.85779708766381
A50,1.3725224642422473,103.85760956795286
A51,1.3694707392934409,103.83437534502293
A52,1.3703854326512568,103.84692254711774
A52L,1.369280633982194,103.84613433583942
A53,1.3708650227001158,103.84687730858236
A54,1.3724343595097768,103.8459153545853
A55,1.3731917741948454,103.84647485774163
A56,1.3726986757337116,103.84714621818317
A57,1.3720196104757487,103.84696416467047
A58,1.3723470075573316,103.84772411430865
A59,1.3738962214127315,103.85813978410101
A60,1.3744644954379837,103.85591341875042
A61,1.3741704461236193,103.8521600154717
A63,1.3752171305295215,103.84939908200639
A64,1.370534868701229,103.85346179745191
A65,1.371029158960116,103.85941720762452
A66,1.380544930908412,103.83566062297803
A67,1.3796863244461355,103.8378048893886
A68,1.3818976185660183,103.83985421482706
A69,1.3816414579421723,103.84194543574868
A7,1.3683924870216928,103.84130175438848
CCKC,1.3850753626994727,103.74574719528933
A70,1.38062064114195,103.84010720676336
A71,1.3800090936953147,103.84074189671752
A72,1.3807609626573387,103.84353033817357
A73,1.378848189137787,103.84082469669583
A74,1.378651680283736,103.84380466372642
A75,1.3762021780623381,103.83868455774677
A76,1.377977111891701,103.8388348049752
A77,1.376353149352738,103.83997857029854
A78,1.3746947111453929,103.83838679093324
A8,1.3687560709932358,103.84330771146671
A81,1.3743555525255606,103.83647879468057
A82,1.37567492239482,103.83639865272241
A85,1.3651073779477731,103.84970936855954
A87,1.36682635874641,103.8578842373726
A88,1.3662807156719192,103.84726652678953
A89,1.3704591830451702,103.83936784590809
A9,1.368074369978137,103.84439219780549
A90,1.382000689215116,103.84124722457109
A94,1.3718598268833164,103.83831596140111
A95,1.367518628007778,103.84780380928048
A98,1.3691643105963722,103.83185420964756
A99,1.3769852572551458,103.8372138919684
BA1,1.333695408000663,103.87082697082691
BA10,1.3429396955710726,103.87286725808723
BA11,1.3366717479010495,103.87453227172983
BA12,1.340210007052488,103.87636751125338
BA15,1.3380905804644379,103.87502053700096
BA2,1.3369045733012843,103.87325519193966
BA3,1.336271592542055,103.87132184474288
BA4,1.3352592556272487,103.87294849581703
BA5,1.3343396542004196,103.8726349098329
BA6,1.3402534868866134,103.87218551400757
BA7,1.3418207211438435,103.8721366903117
BA8,1.341761741787754,103.87147202648787
BA9,1.3431283450586189,103.87591618487676
BBB,1.2965800277256154,103.85366320640033
BBM1,1.3464366536863857,103.74538227425023
BBM2,1.3508670707092796,103.74988224837854
BBM3,1.3445062832256525,103.75991777083932
BBM4,1.3455506982843115,103.76017896379149
BBM5,1.3432428850770304,103.75793361152391
BBM6,1.3428596521147609,103.75505234517985
BBM7,1.3473553282589283,103.74369552195999
BBM8,1.349969284844801,103.74851052070362
BBM9,1.3658306352822938,103.75177182867142
BE10,1.3477410368330722,103.8532954079852
BE11,1.3497794554538258,103.85304135503775
BE12,1.3500135843193608,103.85096301847568
BE13,1.3448855409177118,103.85152763920874
BE14,1.34705912300086,103.85543169019624
BE15,1.345162758491224,103.85483824803825
BE17,1.3630077482977778,103.84767846445094
BE18,1.3583510906519656,103.83108616866849
BE19,1.3488553698228036,103.84820175969944
BE20,1.34889150352476,103.84866481348304
BE21,1.3486246747246529,103.84904051876208
BE22,1.349436593646741,103.84965495311533
BE23,1.3500959071206409,103.8497629135689
BE24,1.3553323098292838,103.84748284110552
BE25,1.3551543675245774,103.84830892492698
BE26,1.35589523545262,103.84845669941872
BE27,1.3566562135466202,103.84863114624696
BE28,1.35792578374441,103.84805039220309
BE29,1.3574527003474106,103.84590085114523
BE3,1.36236382033242,103.83440656538825
BE3R,1.3631857448141926,103.83547581122498
BE30,1.3574639721486685,103.84644532993362
BE31,1.3588668638092543,103.84609524349491
BE32,1.3591710155830503,103.84667247515071
BE33,1.3601707004676906,103.84482006190818
BE34,1.3609610362378035,103.8436216081292
BE35,1.3614206825630568,103.84308446006825
BE36,1.3574951697204816,103.84453538273506
BE37,1.3580079412271258,103.84442083770382
BE38,1.3588986300125845,103.84456648767798
BE39,1.359196401814309,103.84197133762791
BE4,1.3464955373934115,103.84837778261435
BE40,1.357311177642308,103.84264015136279
BE42,1.3555617806229023,103.84454814694604
BE44,1.3578308220309556,103.8316301438792
BE45,1.3563083436627226,103.843673799586
BE46,1.3439019546557427,103.8567458751371
BE5,1.346177376327494,103.85096106346887
BE6,1.3447482141025904,103.85188334257242
BE7,1.3450046991490203,103.85302289077154
BE8,1.3444363922391018,103.85531480784495
BE9,1.3471702615089867,103.85618277394822
BH1,1.3249913646328706,103.84245992582508
BH2,1.3260459729073217,103.84276130300171
BJAL,1.3879463629794184,103.76597168318806
BJBL,1.3839745646274244,103.76388026052355
BJMP,1.3777664235348246,103.77351523338442
BJ1,1.3739566801241183,103.769323020166
BJ10,1.3789392866308572,103.77065516676869
BJ11,1.3807636871101439,103.77187994356325
BJ12,1.3802532628105817,103.77448858908413
BJ13,1.3770036224850966,103.7747788017754
BJ14,1.3789869377958193,103.77352906342188
BJ15,1.3774944817505004,103.77378188713287
BJ16,1.3775065165718812,103.77362031087529
BJ17,1.3812502325627383,103.76894572813356
BJ18,1.3809699699980773,103.76811152657707
BJ19,1.3840337588241158,103.76838389812862
BJ2,1.3761350307538107,103.76666134027609
BJ20,1.3860579471811627,103.7697816793337
BJ21,1.385944779998901,103.77067200118962
BJ22,1.3782937079787805,103.77350310387159
BJ23,1.3776345511753285,103.77295108931864
BJ24,1.383267483822887,103.77046826752341
BJ25,1.384899130104688,103.77172518427912
BJ26,1.3837968809199812,103.77270516995488
BJ27,1.3826405383885652,103.77095043939005
BJ28,1.378924834192695,103.76554600407248
BJ29,1.3849380921344543,103.76768309160978
BJ3,1.3773101941380146,103.76937734296405
BJ30,1.3870292824106292,103.76897932907691
BJ31,1.3879388940244703,103.76747797804018
BJ32,1.3865639857228267,103.7669356490397
BJ33,1.3791195021651272,103.77201112714418
BJ34,1.3877960606883657,103.76651781167334
BJ35,1.3870414895407563,103.76591367064563
BJ36,1.386270399087047,103.76533871621282
BJ37,1.3854321020503517,103.7646848754348
BJ38,1.3851366908698435,103.76342664649424
BJ39,1.384231797723518,103.76286006929934
BJ4,1.3755313767854005,103.77225793527451
BJ40,1.3828257877526826,103.76290164919297
BJ41,1.3755120500520899,103.76545448390729
BJ42,1.3769212779575684,103.76428644466128
BJ43,1.3817204459821768,103.7616776126488
BJ44,1.380648941115931,103.76498679347878
BJ45,1.378687961396443,103.76500878091201
BJ48,1.387185789827295,103.76460302573554
BJ49,1.3848974600068844,103.76148675340289
BJ5,1.374991553181362,103.7730772236165
BJ50,1.388183997698609,103.77368892264833
BJ51,1.3793984087079159,103.76346427312731
BJ52,1.3791133613234363,103.76263790594507
BJ53,1.3898028076418842,103.77193206988431
BJ54,1.3890478094024736,103.77350010545896
BJ55,1.3862829447414404,103.76077695178864
BJ56,1.3858912160470138,103.75894983505414
BJ57,1.3852512028457102,103.76017044837701
BJ58,1.387524429768434,103.77127261757693
BJ59,1.3898650835437827,103.77126415842302
BJ6,1.3741714064009982,103.77440629700938
BJ60,1.3883210041492482,103.76951901080174
BJ61,1.3890048643870951,103.76779289976677
BJ62,1.3842686253745766,103.77139632201656
BJ63,1.381315510557872,103.77029114340532
BJ65,1.3847041571560281,103.75876137706041
BJ66,1.3862485761850714,103.75770261335524
BJ67,1.3873499559694629,103.75798290360115
BJ68,1.3853817252275487,103.76997021493003
BJ69,1.3878519593287,103.76307279280742
BJ70,1.3895479102849915,103.76377023174244
BJ71,1.3870307792572274,103.76196301801663
BJ72,1.3888778457850932,103.76087204278889
BJ8,1.374699730825973,103.77359583708764
BKE1,1.3078189305831875,103.85159633923459
BKE2,1.314128096949689,103.85547996378321
BKE3,1.3144152298359464,103.85580084662912
BKE4,1.3144503701412036,103.85684097167238
BKE7,1.3126129574907273,103.85532195310904
BKE9,1.307337212647674,103.85146379729117
BKRM,1.3172763032697585,103.86136809519917
BLM,1.315506440163754,103.86095873270096
BL10,1.3437618406573566,103.7114251379433
BL13,1.3446925875203746,103.71503519763277
BL15,1.3459715197541606,103.70756220303522
BL17,1.347871241447772,103.70774069535429
BL18,1.3465495557125742,103.71442382780674
BL19,1.3487772809984742,103.71334566358098
BL20,1.3480982543721136,103.70817527684127
BL21,1.3492568430818903,103.70937375465293
BL22,1.3425435059718924,103.71374987824363
BL23,1.349560588526671,103.7115798120472
BL24,1.341157056555126,103.71017592127583
BL3,1.3468747076130891,103.70923455522795
BL8,1.3454251335374907,103.71339091636743
BL8L,1.346224586311344,103.71206380535853
BL9,1.3458708704867641,103.71071997502995
BMVM,1.2846262894692324,103.82312918959744
BM1,1.2863026958403303,103.80957147714517
BM10,1.288095999047967,103.81406981706961
BM12,1.2876720320682562,103.81327487237816
BM13,1.2868982043967914,103.8121918066441
BM14,1.2890407366150354,103.80884793932923
BM19,1.2857124480254343,103.81870264853309
BM2,1.2868507679834986,103.80995307226117
BM20,1.2852472955170589,103.81876020804593
BM26,1.287291542584285,103.80742676873176
BM27,1.284059569899441,103.8147829578236
BM28,1.283999331207603,103.81582316670986
BM29,1.2836347060925148,103.81709921259939
BM3,1.2877077662690248,103.81152776946885
BM30,1.2832343332565201,103.81673344232469
BM31,1.2824491300655394,103.81657502600684
BM33,1.2827478727093367,103.8186510524157
BM36,1.282805821517796,103.81785799712053
BM4,1.287667284248734,103.80895514473973
BM5,1.2884315560634259,103.80761950142183
BM6,1.2895333905500685,103.81376449901636
BM9,1.289097998572853,103.81435801840551
BP1,1.2727949460019137,103.82487004638574
BP2,1.2740916912710787,103.82700432828145
BRBL,1.3065968942240511,103.85070749100281
BRB1,1.306066749235351,103.85058597863122
BRM,1.3207472024589326,103.86617287009001
BRM1,1.3264854877042744,103.85672896311362
BRM2,1.325974060292105,103.85768389140547
BRM3,1.3215277953752598,103.85465630079302
BRM4,1.32273032442989,103.85607403368186
BRM5,1.3275174489494819,103.859430626855
BRM6,1.3277831137966836,103.86119338936605
BRM7,1.3243738973722452,103.85540203296401
BR10,1.3230185394991725,103.85450430527487
BR11,1.3262618386843101,103.85896437723326
BR12,1.3272150796002635,103.85771827055758
BR14,1.325955650724791,103.85998347830004
BR18,1.3262698248738702,103.8557497426465
BR21,1.327259362316204,103.85664071614075
BR22,1.32834641915005,103.85759288738568
BR4,1.3235772596397843,103.85542137806341
BR5,1.324908970644259,103.85819063929866
BR6,1.3230388252880447,103.85353576307051
BR8,1.3251600110203334,103.85455834180877
BR9,1.3189625696233347,103.8507430871221
BTM,1.2867839238665058,103.8332897478355
BTM2,1.286963082194043,103.82964101237133
BTM3,1.2863112198549294,103.82869825504923
BVM2,1.283492802887912,103.8233756624964
BWM,1.2869280256342557,103.80670138529173
B10,1.3290283308949447,103.93370774408997
B10M,1.3292101478885272,103.93252399987297
B11,1.32834200532456,103.93039617992274
B12,1.3275983686830186,103.92787851961256
B13,1.3296532168537087,103.929763771966
B14,1.3291590929262413,103.93144509494518
B16,1.3235011178756269,103.94055949192419
B17,1.324217738006363,103.94185716126566
B19,1.321924546005149,103.94096096793415
B20,1.3197997144802687,103.94342037708827
B21,1.3281779629096138,103.94104648719063
B23L,1.330443473364623,103.93980899840454
B23M,1.3306877578836185,103.94064337056808
B24,1.3326471603070125,103.93829462226209
B24A,1.3312631032232785,103.93961602850973
B25,1.3329691187717014,103.94049034285005
B26,1.334307986772906,103.94034058725475
B27,1.3341177469892762,103.93803813520908
B28,1.3325447895324392,103.93557107829271
B30,1.329942834656957,103.93875343367434
B31,1.328501234196721,103.93885019978502
B32,1.3274106694551377,103.93675747950408
B33,1.3272408584024267,103.93580016456131
B34,1.3283122943595511,103.9356734308385
B35,1.329058097203989,103.93517620266307
B40,1.3325499476387692,103.93277014516458
B41,1.332554918020816,103.93149286604523
B42,1.3324517913824268,103.9308211568239
B43,1.331105186543512,103.92760339777311
B44,1.3339712514435162,103.9275087746718
B44A,1.3344153931770537,103.92985412808513
B44B,1.3323014049396815,103.92291100535586
B45,1.3316799840249027,103.92542899880024
B46,1.3313212244017472,103.92418195189384
B47,1.3308959153267648,103.92224783902347
B48,1.3300959277312168,103.92342122843779
B48B,1.3299669382159505,103.92575881889952
B49,1.332185766541842,103.92666820717146
B50,1.3304470907251158,103.91306656126841
B50A,1.331512577577529,103.91273516961238
B50B,1.3316370821543297,103.91195250661836
B51,1.3321465000881845,103.91639624241292
B52,1.3339091800300193,103.91789418745978
B53,1.3342514890920436,103.91517723527454
B54,1.3333637440670496,103.91520373671189
B57,1.3358433944930426,103.91901927098642
B59,1.3375088707086673,103.9259610240537
B6,1.3263304964828269,103.93033953937258
B6M,1.3251732958769262,103.93088674617219
B6T,1.3237167011755613,103.93256356632538
B60,1.3372324410644003,103.92905669849968
B63,1.3381537269767971,103.9226164633439
B65,1.3200329104338988,103.94565928752263
B65L,1.3182340844394127,103.9476194524166
B65M,1.3178894383908413,103.94633242793388
B66,1.3305481548727427,103.90433956320577
B67,1.332015772086148,103.90639475945369
B68,1.3225048596874,103.93692202997899
B69,1.3334261836375565,103.94197073619338
B7,1.3251312397332438,103.93192173162542
B7A,1.3271316923454237,103.93403695950887
B7B,1.3265215017534235,103.93484000406835
B70,1.3262898453461394,103.9279955190616
B71,1.3242938891077924,103.92430036898209
B72,1.3343770595975393,103.90738977380683
B73,1.332492267852266,103.90696724615144
B74,1.3328468531231157,103.90905526271848
B75,1.3330705484619232,103.91760166991922
B76,1.3358995643003466,103.9344189574035
B77,1.3356910123179662,103.93633367546306
B78,1.3356088847994083,103.93838375965673
B79,1.3367761554500246,103.93740660996866
B8,1.3258814963794496,103.92827623307635
B8B,1.3247921201815396,103.92794673996775
B80,1.3382683050605606,103.92336060080356
B81,1.323211123984771,103.93494255225318
B82,1.3338640412915799,103.93041487733402
B83,1.3264690135495176,103.92227129473181
B84,1.3262261095143135,103.9342047573154
B85,1.3260802458197982,103.94135784200338
B86,1.3307672180997376,103.93569124962644
B87,1.3205406737790863,103.93619734820132
B88,1.3222730385459693,103.93829861018796
B89,1.330959178889198,103.93726546144408
B9,1.3301727085826516,103.933815179244
B90,1.3225376305100753,103.93963512682487
B91,1.3327973239279634,103.91425233336754
B92,1.3216973941844923,103.93393509513557
B93,1.3204217908689766,103.93417561555682
B94,1.3322601658153184,103.92935743869732
B94A,1.3313036277380637,103.92917918947799
B95,1.3255129802698578,103.9350827294625
B96,1.324966290346567,103.93295160832349
B97,1.3361557898964052,103.92350807855561
B98,1.3360794194920413,103.92191686098977
B99M,1.3274880750733353,103.9227613439323
CAM,1.3018210574313145,103.79820565809362
CCM,1.3036608788452526,103.7997973262445
CC1,1.326621270658444,103.92291142962756
CC10,1.3286857316147194,103.92557681585416
CC11,1.3290958607447763,103.92163403144191
CC12,1.3267660935698495,103.92492554687288
CC4,1.325761538242788,103.9213875307924
CC5,1.324822461139102,103.92340067458152
CC6,1.3235138140220364,103.92356461224107
CC7,1.3252462054528313,103.9256873497185
CC8,1.3268954882424244,103.91944117263655
CC9,1.3277201161996721,103.92599509455664
CDM,1.3016364093624146,103.79679138790354
CKK1,1.3834995640239693,103.74412537483317
CKM1,1.3835963556122968,103.74082478082033
CKM2,1.3983848378100443,103.74674494946991
CKM3,1.3811874180931392,103.73664153064142
CKM4,1.3786379456153686,103.73792965982472
CKM5,1.3793103007570044,103.73569574377154
CKM6,1.3775354147340333,103.73574760435865
CKM7,1.3759735599231637,103.73707093730017
CKM8,1.375049975218811,103.73836209061987
CKM9,1.377365191602345,103.74329658894578
CKT1,1.380315085920986,103.7385843858947
CKT2,1.3856135812488544,103.74333625964935
CK1,1.3774743473121396,103.75396651904369
CK10,1.3805047532205277,103.74543486598327
CK11,1.3787338234756656,103.74186894657885
CK12,1.3812861166246817,103.74181570834445
CK13,1.3829167235416275,103.74204059676535
CK14,1.3801473409462486,103.74254462225541
CK15,1.3784262097063267,103.74091199127932
CK16,1.3796289105733537,103.73922107254175
CK17,1.3820730449414027,103.74069102239277
CK18,1.380998422608684,103.75062314406662
CK19,1.3804828191297847,103.7513306473733
CK2,1.3792527806804948,103.7513716518421
CK20,1.3833829647486346,103.74013365429586
CK22,1.3838438770093553,103.74594296799194
CK23,1.3841443511993505,103.74150685405392
CK24,1.383326163012076,103.74330985413629
CK25,1.3822899983079187,103.74374379564632
CK26,1.3846237901647596,103.74295584042666
CK28,1.3800848001568025,103.74417169247353
CK29,1.3797457123370553,103.74411077646042
CK3,1.3786059243998008,103.75006247869928
CK3A,1.379492530303263,103.7499803416757
C20,1.3133478208276774,103.76526174661916
CK30,1.3790288766966743,103.74538107497938
CK31,1.3787502331490462,103.74493840789494
CK32,1.3773947750358457,103.74396269033326
CK33,1.3886976858792568,103.74295135477573
CK34,1.38857724580347,103.7410970484225
CK35,1.3903269693827969,103.74239727614687
CK36,1.3922859022308847,103.74108732653967
CK37,1.3940529952860885,103.74222984775591
CK38,1.3930853528194695,103.74479108110897
CK39,1.3961472532491102,103.74427780249404
CK4,1.3801437034327266,103.75166243741124
CK4A,1.3811651758839634,103.75220046039195
CK40,1.3953807621354313,103.74614735348534
CK41,1.390957419969763,103.74645700945563
CK42,1.3927690420626142,103.7467303588615
CK44,1.392588835064809,103.749136737306
CK45,1.3945179409748218,103.74996683599021
CK46,1.395266310343544,103.74953210680287
CK47,1.3952394503711916,103.74769942278238
CK48,1.3974022344611878,103.74516772920865
CK49,1.3987826049446037,103.74352305674637
CK5,1.3801796230669872,103.75272002464233
CK50,1.4004285839443895,103.74374642444485
CK51,1.399644037223133,103.74759048649052
CK52,1.400659030128735,103.7502363572965
CK53,1.401554388498015,103.75018630981052
CK54,1.398136840661223,103.74911670029475
CK55,1.3971123380651005,103.74850899592592
CK56,1.4011960465890263,103.7466707134054
CK57,1.4022393536094337,103.74832374074006
CK58,1.4018800104107794,103.74487907782553
CK59,1.376811917400497,103.74203813468661
CK6,1.3807326977622554,103.75310558123016
CK6A,1.3810353919401923,103.75313692680963
CK60,1.4042944339787478,103.74587382647105
CK61,1.404089419860993,103.7489175658634
CK62,1.403839486324844,103.7498899432278
CK63,1.4028635015212785,103.7508843161639
CK64,1.3997628341389805,103.75130299874982
CK65,1.3920194608918222,103.74403589785445
CK66,1.3940205880722112,103.74555905214416
CK7,1.3802822594561748,103.75196049935109
CK70,1.376933257277024,103.73814649010505
CK71,1.3766878029172827,103.73868084627473
CK72,1.37555881252417,103.74093049457282
CK73,1.3752829189296978,103.74341279299807
CK74,1.3732971913409147,103.74323849875032
CK75,1.3749824413018585,103.74453422557612
CK76,1.374040451680714,103.74620673798076
CK77,1.3765572316417813,103.7467136802488
CK78,1.3769877482261268,103.74939942553608
CK79,1.375123710117595,103.74971185297062
CK8,1.3820860793135756,103.74710566112644
CK8A,1.381218606739474,103.74897859928672
CK9,1.3814959737886174,103.74491781005548
CK9A,1.379988586192666,103.74750330141954
CLM,1.292483011992079,103.81440063004587
CLNA,1.3224147236725927,103.76305369893643
CLRG,1.319049411792726,103.76398569521969
CLTR,1.3193599995859169,103.76513283286619
CM1,1.2744580741015816,103.83921657283983
CR1,1.3032708363009555,103.8633077225274
CR1A,1.3036983570832268,103.86495851328462
CR1B,1.3040360743039932,103.86535870755877
CR2,1.3046835403578947,103.86565822017168
CR29,1.3057837826214542,103.85679325981934
CR3,1.3050686537907754,103.86432479530623
CR30,1.3076001787299971,103.85494102404714
CR31,1.3062497454836393,103.854698193613
CR4,1.3043520307210348,103.86343720866708
CR5,1.3032359268391942,103.86223821600996
CR7,1.3055339795624616,103.86233932875267
CSM,1.2874380741610192,103.84116520631481
CTM1,1.314744665034576,103.76407292318407
CVBK,1.316516432854943,103.86102759796269
CV1,1.388329162827995,103.9881780032726
CV2,1.389902482766781,103.98798894765062
CV3,1.3899831182202003,103.9864868577459
CV4,1.3901710996794738,103.98845411052046
CY,1.3006260281130555,103.85366487138282
C10,1.318463207322819,103.76896294521585
C11,1.3148008328967467,103.76613081145894
C12,1.3217898443793499,103.76610607293507
C13M,1.320563371411054,103.76617984015766
C14M,1.3173923753204828,103.76518546060046
C15M,1.3162541862213404,103.76404642824534
C16,1.31431392669284,103.76248157167105
C17,1.3138577294992604,103.76389656958308
C18,1.3122716629093103,103.76337442086897
C18A,1.3117560814715383,103.76418697824268
C19M,1.3133630086406882,103.76385460751823
C2M,1.3109282161791282,103.7678805968389
C20M,1.3115042554415335,103.76565077719496
C21L,1.3110149396716517,103.76704166044892
C21M,1.3116611944348087,103.7665267320007
C22M,1.3216503041788255,103.77033993399895
C24,1.3241976206862776,103.77128667696373
C25,1.3223512364917547,103.76898892209617
C26,1.322587761086612,103.76992906520272
C27,1.3222422628168249,103.77051277091007
C28,1.3211579795665713,103.76333478601896
C28M,1.3223617440785465,103.7620714506784
C29,1.3126146115237984,103.75923178966606
C29A,1.3113609355931228,103.75918489896867
C3M,1.3098135876330488,103.77013103455867
C3ML,1.3103927402801043,103.76909230827643
C30,1.3114580973822938,103.76142107025231
C31,1.3105631944603586,103.76059908247035
C33,1.3045594379669765,103.76685761800195
C34,1.3070103153063959,103.76093627015332
C35,1.3056123024137576,103.76143922562301
C36,1.305309674521169,103.76355742121356
C37,1.3035383171263133,103.76397169772963
C38,1.3028066678186725,103.76252679035963
C39,1.31029120826452,103.76223990537257
C4M,1.3114801086975776,103.7705025129515
C40L,1.300790896428228,103.76388890814258
C40M,1.2997090957482687,103.76391060340288
C5,1.3131026590525159,103.76957394864701
C6,1.314488113913117,103.7676911655017
C7,1.314883872279801,103.77075500850212
C8,1.3166746567863592,103.76863110345546
C9,1.3176492492395018,103.77031234940885
DRM1,1.2805131560457625,103.8115434919542
DRM2,1.281299375700636,103.80785308038945
DRM3,1.2808383769937857,103.80986791310714
DRM4,1.2808706520545865,103.81236594973764
DRM5,1.2813318825559306,103.80947738316917
DRS,1.2804697558033025,103.81299281989986
DSRL,1.2973346289648866,103.80514816792643
DSR1,1.2984559909642104,103.80353761899173
DSR2,1.2978947429610392,103.80533099300017
DUXM,1.2769773813172844,103.841054070432
DWSO,1.2964677180872102,103.80694325929501
DWSP,1.2960658046069984,103.81197186986195
DWST,1.2951867450181442,103.81198973307625
DWSV,1.2953067953956656,103.80961685626245
DWVT,1.2942254278456524,103.81014450777538
ECM,1.3199976279022498,103.90162713608808
ECML,1.3212490956270466,103.90153738603743
ECM2,1.319815754557511,103.90064969675511
EC2,1.3226157282563193,103.90444212518125
EC3,1.3211567341184267,103.90447581531423
EC4,1.3205164562706981,103.90269244435349
EC5,1.3220334887301846,103.90266515157026
EC7,1.3177837032191553,103.90162574678277
EC7T,1.3183920065513255,103.90119652827347
EC8,1.3192268648217853,103.90320810512698
EI3,1.318846467280764,103.89837967178774
EPL,1.277163553465462,103.83991265403928
EPM,1.2761844360827463,103.83890822772874
FRM,1.3087586330482945,103.86136466220718
FR2C,1.3182783907026911,103.80771256448294
FR2S,1.317920697225088,103.80718387313334
FR3M,1.316694831421104,103.80621058640855
FR4M,1.316875726618627,103.80753449141022
GBGM,1.342936854610798,103.87765540949302
GBM,1.3227723905559816,103.86863367566609
GBML,1.3413197777404968,103.87865772538593
GBM1,1.341681864396883,103.88060360798481
GBM2,1.340851179430714,103.87915020908382
GEM,1.320036813606306,103.88760266728181
GEML,1.3199377422984941,103.8878497929119
GE1A,1.31988748882181,103.88343778425913
GE1B,1.3212054428036522,103.88699247956012
GE1C,1.3197587896689407,103.88629912428081
GE1E,1.319721481525843,103.88442796153227
GE1F,1.3192099481045423,103.88423564310425
GE1G,1.320962408767416,103.88630883704475
GE2,1.3179454217838502,103.88483940328312
GE3,1.3175009923126009,103.88736326896576
GE5,1.3165497802675898,103.88756528216962
GHCL,1.3472949366907623,103.88865124058907
GHCM,1.3463249938268411,103.89004966217269
GHOM,1.3485328144438922,103.88913913740487
GMLM,1.3087283120092714,103.7858206208327
GM1A,1.3126136388646874,103.78692568583918
GM1B,1.3129217007451577,103.78825693218865
GM1M,1.3093544323655142,103.78436887624173
GM2,1.3116014028826575,103.78816007877914
GM2A,1.310871040730976,103.78726431710477
GM3,1.311155904646739,103.7888530789707
GM5,1.3103818529743179,103.78851083553377
GM6A,1.309492533717275,103.7887228637617
GM6B,1.3096110710678992,103.78765231793
GSM,1.317206714246544,103.89834009661325
GSML,1.317031227538219,103.89848850385351
G20L,1.358875399364964,103.72938998822201
HCM,1.2890460476816068,103.8215599400175
HDBH,1.3322044726378666,103.84831918865608
HE1,1.2892221428532353,103.82235539347374
HE12,1.2882100231321945,103.81865062406209
HE14,1.285714389597192,103.82225247982483
HE17,1.28642306098842,103.82038883426772
HE19,1.2905406191010664,103.82098507674438
HE22,1.2900207732738616,103.82284807112997
HE24,1.2846680932595866,103.82098533323034
HE3,1.2847190033879028,103.82171169354837
HE4,1.2834709130566546,103.8227828558411
HE9,1.2837073657315154,103.82119375671991
HG1,1.3621655371189594,103.89417972319171
HG1A,1.3786638473853425,103.90178514726769
HG1B,1.375720842728826,103.90068924136003
HG1C,1.3778673667872103,103.90386188508498
HG1D,1.3637433814720363,103.89411326609486
HG1E,1.3626513259842494,103.89471557255494
HG1F,1.3581131891083953,103.8871054450445
HG10,1.3545477132592356,103.89048363915774
HG11,1.3659590849526215,103.89498042855223
HG12,1.3666951274857735,103.89816102897977
HG13,1.3678351863527216,103.89856384492994
HG14,1.3691978333066008,103.89642766021035
HG15,1.3589608383409413,103.8867121677647
HG16,1.3597264508362625,103.88809151066687
HG17,1.3576754848491717,103.88795773278929
HG18,1.3580562825007565,103.88895037055629
HG19,1.3528453827430016,103.88380228416153
HG2,1.3629162816240896,103.89202551228584
HG2A,1.3763723182473238,103.90072077615454
HG2B,1.375529907263565,103.88245583850758
HG2C,1.3701078117066359,103.8972275612912
HG2D,1.379407142485768,103.88718176076142
HG20,1.3502835072364743,103.8864274785372
HG22,1.3524734570237993,103.88043241313824
HG23,1.3575125780004997,103.89154633409036
HG24,1.3597981073399827,103.89169169862795
HG26,1.3694965867905133,103.89885301179292
HG29,1.3723422711738544,103.89908052009024
HG3A,1.385422602428171,103.88078745980043
HG3B,1.3842997435333646,103.88162446141324
HG3C,1.3867765250799968,103.88200551694186
HG3D,1.3842111161564574,103.87967359393343
HG3E,1.3851206887907679,103.88365807896534
HG3L,1.3862096500795642,103.88160329098604
HG30,1.3732591319490572,103.89696590280194
HG31,1.375415481994406,103.89650246570697
HG32,1.371379058329617,103.88606016836792
HG33,1.3695677717165766,103.88437512420153
HG34,1.3699424715384199,103.88150314764592
HG35,1.366489722596988,103.88896369112064
HG36,1.3661185477855309,103.88760385900282
HG37,1.3730086329161062,103.88737066764303
HG38,1.3733933668933251,103.89029465324634
HG39,1.369943399871844,103.88596778014345
HG4,1.3642304254367996,103.8909833815686
HG41,1.3712761200039465,103.87935014972331
HG42,1.3741610365120855,103.8834179399384
HG43,1.3721131172452155,103.88430415056742
HG44,1.3736487904344863,103.88632970593174
HG45,1.3759038270817985,103.88612996620292
HG46,1.3758578477105823,103.88696296949873
HG47,1.3711840890820386,103.89396218073183
HG48,1.3754251700704976,103.89409369476046
HG49,1.378793343418818,103.89475931637891
HG5,1.3653553176828952,103.8923108470265
HG50,1.3773318360595221,103.89133366740658
HG51,1.378651048417412,103.89011314127175
HG52,1.3802826296010706,103.88975560147739
HG53,1.3708718261552026,103.89070311870574
HG54,1.3566443539408752,103.88435474309739
HG55,1.372683430169658,103.89321220378636
HG56,1.3712032514493229,103.89012226012038
HG60,1.3790043779578567,103.89119380269554
HG61,1.3796540278489158,103.88915444541854
HG62,1.3808269962216235,103.88855958799265
HG63,1.372357665071264,103.89736447686485
HG64,1.3743412526148546,103.88629764128477
HG67,1.3742926629562864,103.89581761240278
HG68,1.3699244511698212,103.89183951666378
HG69,1.3699807423866381,103.8929697698491
HG7,1.3536529994553819,103.88780296833419
HG70,1.378973567137333,103.88850841192986
HG71,1.3777026962814996,103.88637393238047
HG72,1.3786242831960878,103.88591137264272
HG73,1.3783044546256287,103.88355145011163
HG74,1.3508201907160555,103.88807050800872
HG75,1.350591594227991,103.88899792755882
HG76,1.3517580846379917,103.87947399435004
HG77,1.3754541941864626,103.88424412307053
HG78,1.3767756461828917,103.88326593439776
HG79,1.3760480717091137,103.8804913425767
HG80,1.3741901308817628,103.87906751297733
HG86,1.374661406137122,103.88052803909149
HG87,1.375920928263085,103.87786319567891
HG88,1.3760428223925316,103.88858974438185
HG89,1.3778423903615717,103.89402902276215
HG9,1.3589105329110454,103.88451989671084
HG9T,1.3586483875723967,103.88523865940664
HG90,1.37788142057996,103.87784351376915
HG91,1.3780174959451366,103.88022012092722
HG92,1.3622990615322448,103.89003179618783
HG93,1.379978213203624,103.88011750262226
HG94,1.3815610022490386,103.8806477877379
HG95,1.353977867224383,103.89010018427099
HG96,1.3526812522046199,103.88976906939072
HG97,1.371222137875154,103.89475741107408
HG98,1.3799740663044326,103.87769855426492
HG99,1.3494346989855843,103.8890479251153
HLM,1.2847577556273724,103.84549081920264
HRM,1.2875208652204617,103.82135593247561
HR1,1.311462635471375,103.89754544969936
HR2,1.3126324573562955,103.89702870875625
HR3,1.3139801309430983,103.89638765571065
HR4,1.3146924061758303,103.8960013870619
HR5,1.3130186460519382,103.89509932335723
HVM,1.289869482205706,103.82771837120599
H11,1.287438291030861,103.82784153679276
H12,1.291993773066109,103.82740904968784
H14,1.2885117001814979,103.8324652115687
H15,1.2901865322941068,103.8309242113323
H17,1.2881678575922226,103.82785710514705
H18,1.2889897405337625,103.82697881537598
H3,1.2910086868911117,103.83251535744449
H3BL,1.3844716847717906,103.8822399963124
H3DL,1.3850735040392623,103.8801281920768
H4,1.2880938969321138,103.82937140536788
H42A,1.3726635071200932,103.88217829311414
H6,1.2913696641320331,103.82898358689219
H6M,1.2912253507738907,103.8279232232103
H8,1.2877269654910475,103.83092213801466
H87L,1.3784968024576387,103.87859616391971
H93L,1.3798003264431464,103.88071730074259
JBM,1.2792629708630585,103.82718857876978
JBM2,1.2802444113188307,103.82527962420488
JB1,1.302401825492277,103.88278658416117
JB2,1.3016276066884178,103.88299671364969
JB3,1.3005250402303838,103.88428841321044
JB4,1.303483220735441,103.88316883050352
JCM,1.3152529513564732,103.89885600323022
JCML,1.315155076965312,103.8986345782356
JKM,1.2872568479780304,103.83897315415284
JKS,1.2881646234590771,103.83964039101363
JMB1,1.281934892229842,103.82701754725274
JMB2,1.285135144278676,103.82679560007519
JMB3,1.282596291075267,103.82559852808079
JMS,1.2880511267041055,103.83880528241845
JM1,1.3450705393275209,103.72065037678222
JM10,1.3389486784923157,103.69728745900873
JM11,1.3417967899715009,103.70414895637825
JM12,1.3411209710444394,103.69843639350842
JM13,1.3394709470052732,103.69974492611483
JM14,1.342400674377116,103.69876959218948
JM15,1.3408888288394574,103.70008243365479
JM16,1.3372155636603211,103.70212302793455
JM17,1.3353138254513053,103.70408612809882
JM18,1.3429966284896697,103.69952925533683
JM19,1.3519736920625167,103.7028211437115
JM2,1.343935540315558,103.70496360394887
JM20,1.3353770862050383,103.7009564655495
JM21,1.3370745667061221,103.69717792676786
JM22,1.344748541967573,103.70259174815767
JM23,1.3535626884336651,103.7037874056437
JM24,1.335287484303554,103.69805983031705
JM25,1.3443036800399348,103.70062818236626
JM26,1.3455725472071853,103.70313374298327
JM27,1.3463047673601236,103.7045844632928
JM28,1.3353272224094526,103.69568781607848
JM29,1.3370050641486035,103.69450453965213
JM3,1.3445890471540443,103.70606683648678
JM30,1.350499126357452,103.70388481388832
JM31,1.3420131073387225,103.69758237259063
JM32,1.341599934271884,103.70808085404174
JM33,1.335680663653029,103.69244246777805
JM4,1.3444418938574294,103.70391272028826
JM5,1.339485124212113,103.70314264442617
JM6,1.339213857297851,103.70176502840717
JM7,1.34248592800673,103.70300645678526
JM8,1.3413442507193407,103.70150259793418
JM9,1.3386592120903442,103.6968178714569
JRM,1.3071670198992595,103.8618541749918
JRTM,1.2893587269753048,103.81032768986412
JSA1,1.3484178517821193,103.72521288102048
JSR2,1.3432796316298479,103.70492744066351
JS1L,1.3410713661758147,103.70592229404798
JS3L,1.3416673654220843,103.69860985167341
JS33,1.3351492430210148,103.69366304199691
JS4L,1.3376994722441888,103.72161840392582
JS5L,1.3392242584705427,103.69699793968184
J1,1.3364297229134372,103.73809826514368
J10,1.3420166824734492,103.74009365443025
J11,1.3429196669451564,103.73993765550001
J12,1.3433629252763908,103.7382609053107
J13,1.3435406873997215,103.73692014627471
J14,1.3440938400679234,103.73907981531525
J15,1.3440418112882973,103.74141793961732
J16,1.34440108183756,103.73564333470638
J17,1.3456690798460342,103.73547342856502
J18,1.3468907567288746,103.73484507216465
J19,1.347925792026096,103.73395663150102
J2,1.338607760000444,103.73677131352407
J20,1.3462038380151882,103.73247644634016
J21,1.3490641296056374,103.7298694479495
J21A,1.3474507182287452,103.73102302081588
J22,1.351320351997118,103.7301985030288
J23,1.3500283203099188,103.73201589833621
J23M,1.3490191908456162,103.73213323917861
J24,1.345732555812597,103.73106093441005
J25,1.344863968652103,103.73164563193434
J26,1.3449218597589219,103.73059682433102
J27,1.3468873357936169,103.71666938291004
J28,1.3475766209296087,103.71649813216064
J29,1.3486261611752712,103.71691832636995
J3,1.3394948365194128,103.73548477933971
J30,1.3488140652464014,103.71550196112858
J32,1.3458066607061037,103.72047490460932
J33,1.3457744896852968,103.71787986661154
J34,1.3470676632759255,103.7200857457935
J35,1.3481171567409598,103.71951759408637
J36,1.3521719203242202,103.71545644450629
J37,1.3512959616988476,103.71580179588146
J38,1.3491180938248541,103.71858546676606
J39,1.3501574988556257,103.72134748501911
J4,1.33753016931853,103.74190260101643
J40,1.3500297322291521,103.72287839227994
J41,1.3482894562444392,103.72203231052173
J42,1.3482301426246235,103.72357456415996
J43,1.3479248544356488,103.72526852277466
J44,1.3468476106370095,103.72463649779957
J45,1.3489851813579041,103.72678544658392
J46,1.3497541372772162,103.71905836585903
J47,1.3502574761113693,103.71802082662953
J48,1.3521727670439543,103.71847993384787
J49,1.3534557986298248,103.7189494838404
J49M,1.3537825819267806,103.71967598067593
J5,1.338314475125831,103.74241817422394
J50,1.3537072091984148,103.72252094049038
J51,1.3535560740797064,103.72462951363343
J52,1.3514607565360508,103.72472282907036
J53,1.3507409504176222,103.7267263759889
J54,1.349926571439503,103.72450994802102
J55,1.348637314625565,103.72429089393296
J56,1.3348926471145106,103.73931109135069
J57,1.333976117262724,103.73911988019643
J57L,1.334467592004372,103.7398580011142
J58,1.3342030833182397,103.73965601749369
J6,1.3390681000476938,103.73885142891002
J60L,1.3497546144769716,103.71787227953133
J60M,1.3493549092892696,103.71790104604095
J61,1.3400767800039053,103.68842490797103
J62,1.3408897822679104,103.68540763961359
J62M,1.3398730274812365,103.68655537092322
J63,1.341779262833754,103.68644278769764
J64,1.3444733458300624,103.73185235993397
J65,1.3427704872682331,103.6892958327224
J66,1.3412980393930485,103.69112890870011
J67,1.3416439885155313,103.69276226807062
J68M,1.3420559299413903,103.69192247618517
J69,1.3396873972151606,103.69364065669544
J69M,1.3413441331084226,103.69334591602542
J7,1.3415438729036973,103.73803314961131
J70,1.3436870354700483,103.69350873447114
J71,1.3462276475605943,103.69417441757965
J72,1.3472672849626512,103.69773379422574
J73,1.3439953859260443,103.69822208525447
J74,1.3426645840692522,103.69611229344028
J74M,1.3428451201999936,103.69685387663026
J75M,1.3441944891692927,103.69311740148552
J76M,1.3443282799096905,103.69457112635631
J77M,1.3474454235068092,103.69856061913052
J78M,1.3415658549718328,103.69512328117312
J79M,1.3465010835318163,103.6949388062981
J8,1.340430194313869,103.74157403903612
J8M,1.3406469795967801,103.74242652213022
J80M,1.3455473430034577,103.70096949302297
MM7,1.3254655031145524,103.88989442507676
J81M,1.3495914590692857,103.7001773248677
J82M,1.3458500076506865,103.6924501001389
J83M,1.3502206530155672,103.69506444233095
J84M,1.3477246830725291,103.69647855749271
J85M,1.3499771895467607,103.69623487505113
J86M,1.3499622723359237,103.69909010573144
J88M,1.3416792676491924,103.70720618934254
J89M,1.3423753450796354,103.70590079148468
J9,1.342122435168998,103.74200092091955
J90,1.3415471370568717,103.74746010063687
J91,1.337537219917197,103.74410505198509
J92,1.3375577648770798,103.74685639183114
J93,1.3392410457426813,103.74514016877296
J94,1.3396922643624274,103.7431661191949
J95,1.3401003005523258,103.74708688360819
J96,1.3415185653945183,103.7449583160269
J97,1.342401343926066,103.74594637866014
J98M,1.3397788016970993,103.69685697580175
J99M,1.3397333027042437,103.69604297580892
KAB,1.2817069215968375,103.84238785277829
KAM,1.281955140134137,103.84329939417108
KAML,1.2823301623409766,103.84325763782782
KAS,1.2805721095242588,103.84277292721771
KBM,1.320239287540183,103.86912462402007
KBRM,1.3137176964812285,103.87431638611503
KB1,1.3235736038960781,103.86890029223365
KB10,1.3189033039657925,103.86359255881777
KB11,1.3205826810878327,103.86372199579309
KB12,1.3191062001768321,103.86158664703414
KB14,1.3205577050364674,103.87006187688013
KB17,1.317664120262257,103.86291017151454
KB18,1.322703300743554,103.86573351416854
KB20,1.3237494773420038,103.86644259415267
KB3,1.3208280346346724,103.86965512421517
KB4,1.3231299605395128,103.87068301702206
KB7,1.3215857812299312,103.87047836388102
KEM1,1.3089166922000135,103.85251426170889
KE1,1.3297527796247852,103.90890609088383
KE2,1.3325052469829435,103.91041427397191
KE3,1.3339093228742855,103.91195957483161
KE3M,1.334021141539843,103.91141006264911
KE4,1.3336670998148838,103.9132461064393
KJML,1.3122208822000432,103.85160643935168
KJM1,1.3160936666077387,103.8487958988528
KJM2,1.3116793444533814,103.85204721150214
KJ1,1.3136338338943614,103.85204121653094
KJ2,1.313250654520725,103.85067994596449
KJ3,1.314426615866617,103.84993059473938
KJ4,1.3165869079469978,103.8514701851811
KLM,1.3062670008791772,103.85680081928446
KM1,1.310112141012881,103.88394614159586
KM2,1.3087708200412964,103.88773705617997
KM3,1.3085177634477092,103.88292839743592
KM4,1.308492552601754,103.88536280878121
KM5,1.3099969542952568,103.88554909176139
KM6,1.3094690289534354,103.88811485493744
KM6L,1.310625019506658,103.88784797793083
KM7,1.309928860574059,103.88659806265524
KPRM,1.316824942191609,103.85997091449637
KRM,1.3113925840335257,103.87334197089486
KTM,1.283069382670322,103.82865102019989
KTM2,1.283446479605301,103.8274761660383
KTM3,1.2806394354926494,103.82864802888722
KTM4,1.281481446142536,103.82729731282093
KTM5,1.2825290974366874,103.82946139003269
KTM6,1.2818564521671478,103.82924344240874
KUM1,1.3272180640396525,103.89909184212524
KUM2,1.3290378028072063,103.89874827477925
KU1,1.3294953548745303,103.90308381076238
KU2,1.3276735499716745,103.90434517614048
KU3,1.3264214379334087,103.90245155876109
KU4,1.3255547219734711,103.90005135904397
KU9,1.3299081271871451,103.9010898046754
K10,1.3094153647830171,103.88441645100181
K19,1.3078622926222248,103.88930362341996
K2,1.3087364754979458,103.8823513067258
K2T,1.3075380133900372,103.88354363243664
K21,1.3070655199100698,103.88860100484649
K22,1.3075471341351168,103.8883770803251
K3T,1.3075801866197923,103.88385694864925
K52,1.3105949571081432,103.88450282359632
K7,1.308894518872329,103.88601691043623
K9,1.3105483981592954,103.88625495695833
LBM,1.2893340477316146,103.81522033138317
LT1,1.3233181490784798,103.91150571719837
LT2,1.3239081741740943,103.91087369459731
LT3,1.3250359305098454,103.91049260744167
L1,1.3495058318348234,103.87535455642082
MLM,1.2933650054100614,103.80345452106414
MLM1,1.2920319699769407,103.80353016873005
MM1,1.3304551002906109,103.88706362505644
MM2,1.3243396875061149,103.88609424966444
MM3,1.3262662777141847,103.88801858425
MM4,1.3291690565822534,103.88550592779904
MM5,1.32979172825255,103.88857500311526
MM6,1.3243040479763997,103.8900961724619
MM7L,1.3252580063895947,103.8888355207814
MM8,1.3276426639607852,103.88850331722344
MNM,1.321042154795734,103.85983538215314
MNRM,1.3205402150734105,103.85943053232852
MN1,1.322029473497494,103.8592002299238
MN2,1.3180496887521358,103.8563684203736
MP1,1.3048183599520138,103.91752217325165
MP1M,1.3029669835986282,103.90991363196858
MP12,1.3031546710952773,103.90756132229325
MP13,1.301686373156584,103.90885093288675
MP14,1.3025451758066604,103.90695068730781
MP15,1.3026824721868335,103.90597861451549
MP16,1.301883433865292,103.90654207816098
MP17,1.306640417317319,103.916267725607
MP19,1.301285911111801,103.90640021486173
MP2,1.3042246143882699,103.91665765027
MP2M,1.3036365210364356,103.91287956925594
MP20,1.3013268597499603,103.90618484205176
MP3M,1.3043572955307299,103.9153408153672
MP4M,1.303996613677369,103.91419719336592
MP5,1.3061096468902569,103.91616519665847
MP5M,1.3054480243950732,103.91247836691649
MP5S,1.3046720374995606,103.91256924764082
MP6,1.3054965796249203,103.91638142426865
MP6M,1.3022982737557702,103.90828624158966
MP6S,1.3021648304353715,103.90840334501843
MP7,1.3055812783399696,103.91468879090584
MR3,1.3076935258199842,103.85909249026949
MR4,1.3079140431771652,103.8599731043318
MR5,1.3081555032749435,103.86079175042093
MR6,1.3071674063050989,103.860536501889
MR7,1.3075628847261747,103.8603921769383
M1,1.3230747811611239,103.88643638826342
M16,1.3284561387923488,103.88648711671351
M20,1.3275904526526752,103.8872655617889
M25,1.3242254443101509,103.88817771100875
M28,1.3311255664042714,103.88515749278551
M3,1.3298680865686279,103.88689704177298
M32,1.322312871237763,103.8827929694789
M33,1.3232457923541576,103.88217267100742
M34,1.33250795730011,103.8856404174847
M35,1.3272818522606618,103.8859150359735
M36,1.326509562382485,103.88540075379076
M37,1.3276774087929712,103.8856050735695
M38,1.3271530486482315,103.88747666495222
M4,1.329022794058407,103.88765970175433
NBRM,1.3040036166790818,103.86301043995836
NTL,1.3625494166235737,103.93608875149356
NT1,1.3611959653243422,103.93627591213452
NT10,1.3651635379350184,103.945291192554
NT11,1.3637175995470963,103.94420530977224
NT12,1.3695448100447907,103.933471291194
NT13,1.367543719584096,103.93410174872746
NT14,1.3706364170177978,103.93599116999945
NT15,1.3397415899224674,103.93717164978011
NT16,1.338014739818594,103.93863948613199
NT17,1.3371834680075492,103.93919062185056
NT2,1.3620583764717364,103.93638451166723
NT3,1.3640245552539123,103.93632491244499
NT4,1.3654317476675604,103.93623652273267
NT5,1.3616613990271371,103.9399014697318
NT6,1.3673373187590008,103.94179198726476
NT6L,1.368074227174044,103.94134824452101
NT7,1.366004670620978,103.9429821841097
NT7L,1.3651149080077425,103.94264639424618
NT8,1.365971245260869,103.9401916925832
NT9,1.3667088585914036,103.94416428611494
N12L,1.3690776400778215,103.93425501060877
PDC4,1.3778877152433913,103.73874607750489
PDC5,1.391575269300993,103.74337020617482
PDJ3,1.3347153913634897,103.72041507700816
PDJ7,1.348961590640251,103.69791006448088
PDL1,1.394146066299304,103.91295050922268
PDL2,1.4028669910573803,103.91309730699777
PDP4,1.3837675231487243,103.77137123961244
PDP5,1.3854160932518795,103.76607212381168
PDQ5,1.292679329769361,103.81098242424252
PDR2,1.3669259778172504,103.96455015442594
PDR6,1.3779685792615106,103.94186638727041
PDR7,1.3797395060386983,103.9362361216365
PDS1,1.3854699982857899,103.90183385802798
PDT8,1.3553703676578694,103.93451077983535
PDW5,1.4307681685236948,103.7941461022233
PDW7,1.445462284938923,103.79806059149975
PDW8,1.4381363820727737,103.79515144765338
PD8W,1.4431164400349494,103.79104630681391
PLB1,1.3690846037201425,103.95886128429326
PL10,1.3966475919364,103.91030619395787
PL11,1.3981144128367358,103.90865055016039
PL12,1.392370666728483,103.90940612733498
PL13,1.3935886554890804,103.91038940445063
PL14,1.4023968775457856,103.90504945007166
PL15,1.3948625188764774,103.91258495275902
PL16,1.3986088574081854,103.90936832589114
PL17,1.3987172907709327,103.9163888739782
PL18,1.3960928474761454,103.91431651502297
PL19,1.3996847723542276,103.91010391091966
PL20,1.3995558665879668,103.91519589302487
PL21,1.3949707847951496,103.91546575186779
PL22,1.3977398982918745,103.91591124799312
PL23,1.399766896599864,103.90368863010534
PL24,1.3995519599597044,103.90833604330263
PL25,1.3955198255395493,103.9117777047101
PL26,1.397283842157002,103.91530323143323
PL27,1.3984631405322845,103.90307285517675
PL28,1.4020092036707783,103.90651604233183
PL29,1.400538847013659,103.91326596736533
PL30,1.3943539447375144,103.91409384167889
PL31,1.4036785832909175,103.90619802298995
PL32,1.4048472500172462,103.90460666624058
PL33,1.4012553870089215,103.9098906657592
PL34,1.4038622806100294,103.90798247324102
PL35,1.403119329325957,103.90729350674636
PL36,1.4060197574757567,103.9062230563649
PL37,1.4032349137543962,103.90965714004695
PL38,1.404599230619109,103.90863393763117
PL39,1.404000203581804,103.89795280345739
PL40,1.4037210635186224,103.89915033137765
PL41,1.4026510883226686,103.9019426804346
PL42,1.4021264239945672,103.91169725663087
PL43,1.4017143985503484,103.9030958327368
PL44,1.3988565566526352,103.90132875322395
PL45,1.393629380207697,103.91450023771391
PL46,1.4002594317477945,103.911629841452
PL47,1.40062697761417,103.9009163284307
PL48,1.4030051179067977,103.90038376648238
PL49,1.39934386050485,103.90038229474251
PL50,1.4014192894388904,103.89943821756682
PL51,1.400027896076509,103.89864919917358
PL52,1.410213756755385,103.90146940720668
PL53,1.4052986453292424,103.89817526182316
PL54,1.4045062262447912,103.89534432107756
PL55,1.4054048056345347,103.89684156866551
PL56,1.4070699794626342,103.91172986197292
PL57,1.4019208645334236,103.91468720451964
PL58,1.399914839464193,103.91679073265148
PL59,1.4081093216534804,103.89876067269095
PL60,1.4058229986447555,103.91325810351427
PL61,1.4061149025133164,103.90888986674658
PL62,1.405533926416853,103.89552843195193
PL63,1.4057398730818205,103.90957965561789
PL64,1.405292841698462,103.91021417456207
PL65,1.4097624479246258,103.89972278958615
PL66,1.3935832922158498,103.9083695310193
PL67,1.4084738701672737,103.89751341807955
PL68,1.4028497771467379,103.8956389998495
PL69,1.4025347595532867,103.91761458579163
PL70,1.4030007739268127,103.89324051770683
PL71,1.404002823949442,103.91577153642424
PL72,1.4011009423466618,103.89427875623936
PL73,1.4032946064344987,103.89202440609496
PL74,1.4012602647548897,103.89160298259306
PL75,1.4134499069115312,103.898751428957
PL76,1.413300796243431,103.89932825423607
PL77,1.401012310975495,103.91955204475835
PL78,1.4112200458616677,103.89750491628322
PL79,1.3990865715031735,103.92126329189911
PL80,1.4167856591181187,103.9021077540441
PL81,1.419792210283198,103.90448268138022
PL82,1.4169721676214329,103.90027160812295
PL83,1.4185115837826394,103.90211346787348
PL84,1.3978246062557662,103.92044173089411
PL85,1.4144265294571667,103.9003385588945
PL86,1.4179543758353037,103.90585033890689
PL87,1.4193939665916053,103.90618966735775
PL88,1.417492115176636,103.91038472453967
PL89,1.4189306059857634,103.91097543387741
PL90,1.4178182413776312,103.91256219755702
PM1,1.374282852405608,103.95660442487505
PM10,1.3667464214739626,103.96247396456312
PM11,1.3647932754078989,103.96345701840346
PM12,1.364905492978833,103.96502890331372
PM13,1.366473554777537,103.95959774167446
PM14,1.3647084328267207,103.96010539790726
PM15,1.3641601337238678,103.96167711032794
PM16,1.3623587330477784,103.96272060688577
PM17,1.3628388914348102,103.95975833337474
PM18,1.3647565501015386,103.95687982769032
PM19,1.367956777555041,103.95702273852433
PM2,1.3700730656196631,103.96101285046049
PM20,1.368041633413594,103.94745603169562
PM21,1.3711969823159393,103.94941542540158
PM22,1.3685624312364952,103.95221374215522
PM23,1.368681755302249,103.9495037477115
PM24,1.3671851799114298,103.9513153189908
PM25,1.3763901312097717,103.94560888980388
PM26,1.373867572894941,103.94399274023186
PM27,1.3739601888977975,103.94659596969208
PM28,1.3747001092714668,103.94776600610439
PM29,1.3773336408343035,103.94337373293367
PM3,1.3718003498167461,103.96093300168182
PM30,1.3757453839953475,103.94217718688299
PM31,1.3771735769826878,103.94712153743028
PM32,1.379306773598291,103.94009872430242
PM33,1.3770658998249783,103.93993136890829
PM34,1.378000605084881,103.9387119702444
PM35,1.3807695117170868,103.93864139053586
PM36,1.382416558645188,103.93707054978742
PM37,1.3819247877443936,103.93601952013235
PM38,1.3789475812238117,103.93724254160885
PM4,1.3741059191478615,103.96144271358429
PM40,1.3779476132601687,103.93538366563013
PM41,1.3788374116684676,103.93408744824963
PM43,1.3772363788570843,103.933136254465
PM44,1.375965618267452,103.93329952863957
PM45,1.3746019548874393,103.93590489391228
PM46,1.373224586883511,103.93838698872838
PM5,1.373770353071396,103.96260801282267
PM6,1.370820028225231,103.96341243438104
PM7,1.367557638171994,103.96324992159052
PM8,1.3716359902146564,103.96025594204671
PM9,1.3682919670590967,103.96121606162903
PP1,1.3340049020680769,103.86921395965454
PP2,1.3326801447688825,103.86605451410936
PP3,1.3336019833981616,103.86584452814029
PP4,1.3347329118377305,103.86611923734664
PP5,1.3363131015185339,103.86322285844973
PP6,1.3322837359757804,103.86761465081399
PP9T,1.3321946782571863,103.86606008684048
PRM,1.2854503678206244,103.84227000806189
PRM1,1.3696196338882014,103.95783518955061
PRS1,1.368017156377775,103.96032633770311
PR1,1.367331839559714,103.95799980233409
PR10,1.3737389560940712,103.95718283417933
PR11,1.3744576196610299,103.95939030529709
PR12,1.3687136904214412,103.95268297102702
PR13,1.3694763858176857,103.94961882876983
PR14,1.36668608880898,103.95149269876835
PR2,1.3672748025475827,103.95544278951135
PR3,1.3710634228755592,103.95071563026282
PR4,1.3729346460751741,103.95452048873393
PR5,1.370508264193335,103.95511705035062
PR6,1.3693790590205053,103.95759400506218
PR7,1.3710094121120664,103.95768508262705
PR8,1.371267840795118,103.95957441760447
PR9,1.3732053012591277,103.95845575439009
P1,1.3993368546917764,103.90702372583482
P11,1.321204214426874,103.74835585800413
P12,1.3205673948612164,103.74819409636507
P13,1.32069015976828,103.75040784611791
P14,1.3193536177884093,103.74917540107634
P15,1.3198348225460355,103.74814817657057
P16,1.3198823805928215,103.74716480513705
P17,1.3188214674823946,103.74738396670357
P2,1.4001046189481625,103.90602882381455
P3,1.3984568370825314,103.90577445865635
P34L,1.4045253632063053,103.90742251192135
P35L,1.4022418712257227,103.90762249223593
P4,1.3972271617557055,103.90562289882669
P40L,1.378101228997388,103.93593291083164
P5,1.396877554712999,103.90764189630674
P5L,1.3974837242799767,103.90775041709175
P6,1.3953685695565603,103.90946234340264
P6L,1.3955982538271992,103.91008575182195
P7,1.395427966897407,103.90647015288697
P71L,1.4030316355351902,103.91590261360946
P73L,1.4027378966441444,103.89194729925192
P76L,1.4123215469010597,103.8992395945897
P77L,1.4001120866706809,103.91929776382841
P8,1.394228446238067,103.91091390677042
P88L,1.417455716266433,103.91087251352258
P89L,1.419339313044051,103.91190496880934
P9,1.3929239184124922,103.91253745829592
Q14,1.2976307008778907,103.80216803097181
Q15,1.298332573143507,103.80175442244324
Q16,1.2969337257257847,103.80371667974536
Q17,1.2962063464606495,103.80382460327912
Q19,1.294701006605811,103.80325801294246
Q2A,1.2916476231174177,103.80438670203392
Q4,1.288713705492311,103.8039083538027
Q41,1.294345239395992,103.80922355228716
Q48,1.2953582295668464,103.80351335770989
Q49,1.2952947342758852,103.80277197043489
Q5A,1.2911403172091753,103.80316783226503
Q5S,1.290779202832364,103.80214729898836
Q51,1.29793262781623,103.79906247903378
Q52,1.2967856200643266,103.79891198839482
Q55,1.298689181938898,103.79642676862838
Q59,1.300933741254127,103.79758469119295
Q65,1.305523820456335,103.79875385421042
Q65A,1.3070878550554548,103.80113832326735
Q66,1.3067047897222317,103.7994973472629
Q67,1.3071728123632311,103.80054334003177
Q68,1.3068774261960954,103.79900467147296
Q70,1.3073460706115319,103.80054927179171
Q72,1.3064930061098052,103.80089701701297
Q73,1.3062533085068184,103.80039166552652
Q75M,1.3083119292817045,103.79369887834397
Q77M,1.3115932040321523,103.79201555445752
Q8,1.294206414375911,103.79956933961464
Q80,1.308536481409173,103.79270170688443
Q81,1.3075367428679028,103.7931643203566
Q84,1.3067809877783425,103.79667318529319
Q85,1.3082345910446556,103.7920456703824
Q86,1.2945634816894256,103.80387186857219
Q87,1.3088789371038378,103.79623840948672
Q88,1.2929905606576144,103.80055965992032
Q89,1.3062461348732033,103.79504979530866
Q92,1.2947981950673075,103.80848502285858
Q93,1.2949401336399393,103.80806396955144
Q94,1.3076378079345679,103.80056110547294
Q95,1.3067193471401597,103.8012681797189
Q96,1.2953471669289232,103.80440525007499
Q97,1.2991996020608594,103.79738568437071
Q98,1.2973375726157717,103.79728490662406
Q99,1.3052955173997691,103.79909451795835
RCM,1.3072102800045216,103.85535244045651
RC1,1.328546809837197,103.85155370374817
RC2,1.3276877467528554,103.85307063417073
RC3,1.3282855436779146,103.85456412458848
RHM,1.2864639274830016,103.81857760519341
RHM2,1.2870082444741207,103.81690732416628
RHM3,1.2879157769529934,103.81727324816993
RHM4,1.2879887721540044,103.815817221734
RHS,1.2882886138255252,103.81561639580673
SAM,1.2925635490008873,103.8118774506864
SAM2,1.2939801137911928,103.81098041001111
SB1,1.446480287012054,103.82205727914038
SB10,1.452495987454693,103.81539294605052
SB11,1.4517759781995072,103.81666194814848
SB12,1.4531650655885606,103.81906292608271
SB13,1.4543523817123178,103.8164254897944
SB14,1.4523973177575265,103.81743227735917
SB15,1.4489271805752448,103.8166936266958
SB16,1.4482824208020346,103.81731036780363
SB17,1.4509081142282274,103.82368995407141
SB18,1.4489311212031635,103.81370144290932
SB19,1.4515916427534201,103.82135766637313
SB2,1.4464483347703572,103.82050273329794
SB20,1.4502717325718189,103.82250801852724
SB21,1.4517812855899763,103.81423563978659
SB22,1.4511675571821525,103.8202882923335
SB23,1.4500353806754083,103.81838924290274
SB24,1.452416912231222,103.82353138485568
SB25,1.4501900593556536,103.82478696492069
SB26,1.4564650180938121,103.81522395296497
SB27,1.456622416476304,103.81739647167652
SB28,1.4548633392563763,103.81563840952437
SB29,1.4530310352110807,103.82008390804212
SB3,1.4449556774576735,103.81877261852777
SB30,1.4554680859085,103.81353977631429
SB31,1.4555266790492731,103.81452318921048
SB32,1.4503668722544232,103.82631386478512
SB33,1.451213897941924,103.82743286825053
SB34,1.4546450335090684,103.81352159666459
SB35,1.4457165694498084,103.83160177449474
SB36,1.447434315699565,103.83398232747933
SB37,1.4491498239714493,103.832738663608
SB38,1.4446430469011298,103.83269273289403
SB39,1.4477832787068887,103.83220530968347
SB4,1.4440797074466718,103.82127316472263
SB40,1.4460719694425144,103.82870324072329
SB41,1.44618298305479,103.81375259506194
SB42,1.4443661657599065,103.81625814051424
SB43,1.4450726705345538,103.82992432847776
SB44,1.4518274120761177,103.83208939433696
SB45,1.4433848775494968,103.83075891243477
SB46,1.445988059863485,103.83435654794057
SB47,1.4485951270246518,103.82974768261455
SB48,1.4408072537778018,103.82855842980685
SB49,1.444494078679443,103.82851481491173
SB5,1.4461198447407133,103.81819700149273
SB50,1.4424153409954463,103.82180827068633
SB6,1.44534120088779,103.8225551339067
SB7,1.4466286838914626,103.81500660782467
SB8,1.4471119773997287,103.81722634794113
SB9,1.447670434181071,103.81548836056375
SDM,1.31246021162246,103.87445140859606
SDM2,1.3161327950004935,103.87845506103224
SD1,1.3165726780306881,103.87708327324587
SD10,1.3116822617293837,103.87407845046492
SD11,1.3163856903514648,103.87944876634792
SD2,1.3169224596017084,103.8783648643269
SD3,1.3173299644584724,103.87924761702736
SD4,1.3165783475838255,103.8802418081955
SD5,1.31776892051572,103.87991488367722
SD9,1.3117614700214142,103.87349593503183
SE1R,1.3714096366112394,103.86933550523526
SE11,1.3702260011119267,103.87341939616717
SE12,1.3578438574793206,103.87308906272592
SE13,1.3565716827001997,103.87033018876267
SE14,1.354552223660296,103.8699887080886
SE15,1.352894926166181,103.86941007543433
SE16,1.3526188900569815,103.8677199321161
SE17,1.351714440939821,103.86770944034168
SE18,1.350197482861451,103.87046405891749
SE19,1.3547449134036968,103.8736912310187
SE2,1.3700669160712335,103.87053211749543
SE20,1.3515775676309512,103.87209879674288
SE21,1.353436181204226,103.87201608645313
SE22,1.3541567315681027,103.8721288272635
SE23,1.354049906791127,103.87083893019705
SE24,1.3527643970392298,103.87149419262815
SE25,1.34631024904111,103.872723391519
SE26,1.348961711170609,103.87413981650234
SE27,1.3483947531667397,103.8762489104555
SE28,1.3481957061532102,103.87362325721136
SE29,1.3499026871040125,103.87579928529907
SE3,1.3692441818922374,103.87092233217393
SE30,1.3678621295789108,103.87445279977993
SE31,1.3715119708787606,103.87367190695359
SE32,1.3722848009296493,103.872296737759
SE33,1.3741617382772797,103.87260782853788
SE34,1.3740981072158882,103.87463332858995
SE35,1.3730991180086038,103.87625296021636
SE37,1.3715875511419628,103.87488896753706
SE38,1.3739532452074892,103.87571527826626
SE39,1.3735036717727902,103.87170290325034
SE4,1.3687392940496197,103.8722961107677
SE4S,1.366987286696181,103.87327955200146
SE4T,1.367662355945608,103.86999155861712
SE40,1.3725409566369595,103.87002295696402
SE41,1.3740476540994069,103.87021204033375
SE42,1.370879739615963,103.87510469851716
SE43,1.3704946267818319,103.87568240519704
SE5L,1.3694026719542929,103.8753455597715
SE50,1.3539013434633929,103.86861037078489
SE51,1.3552098604736484,103.87238246840354
SE52,1.3568895318365632,103.87163341170078
SE53,1.369391156083418,103.87507121088721
SE54,1.3574991140500388,103.87117293787502
SE6,1.3658478968113685,103.87188259226832
SE7,1.3655102143875217,103.87205646888836
SE9,1.3684173420705263,103.87445986390266
SGLM,1.3226623838300875,103.86022903293444
SGTM,1.3220346879526783,103.86283710341797
SG1,1.3232280335397644,103.86100632168481
SG2,1.3241162395100121,103.86221206094686
SG3,1.3251470002256716,103.8621766860311
SG4,1.3233078536386114,103.86310359429127
SH1,1.3507449261777276,103.83829758916372
SH2,1.3519652625237195,103.83696880365702
SIM1,1.343164542305763,103.95045379939839
SIM2,1.3461064600262538,103.95391967522447
SIM3,1.3453701772727102,103.95816625977892
SIM4,1.3435931829113579,103.95354638404788
SIM5,1.342527290332568,103.95228048073757
SIM6,1.3429664551874503,103.95894372041182
SI1,1.34110943783859,103.95131785642238
SI10,1.3455699790698423,103.95712322052721
SI11,1.345172569755738,103.95926490626185
SI12,1.3458702647263434,103.9589284100017
SI13,1.341979359948774,103.95711141512345
SI14,1.345276043192383,103.95461834695486
SI2,1.3440114710940638,103.95191562437489
SI3,1.3445653569991929,103.95202598786354
SI4,1.344856604703591,103.95227493068576
SI5,1.3457454616524451,103.9539639888229
SI6,1.3469018245740432,103.95562543072799
SI7,1.3474296843081701,103.95629220295577
SI8,1.3472093067939983,103.95712210094193
SI9,1.3457753474928371,103.95543946175435
SK1,1.3884172597070341,103.90416746999068
SK10,1.3902640175240115,103.89823603716232
SK11,1.3884031811248536,103.89946348353911
SK12,1.3832014796474918,103.90065803933672
SK13,1.388174110163739,103.90074359393176
SK14,1.3898150362870643,103.90533732069552
SK15,1.3936038427321584,103.89953418022623
SK16,1.3837297041351546,103.9009037659496
SK17,1.392821390774378,103.89870681748093
SK18,1.394678969989385,103.90455098519682
SK19,1.394773252958036,103.90242815700039
SK2,1.390283406829788,103.90011414541739
SK20,1.3940951516643665,103.90387099960166
SK21,1.382830239537726,103.9031088524078
SK22,1.387224448476272,103.9052154115564
SK23,1.3862233734196856,103.90609468269213
SK24,1.3937143837711456,103.906757692769
SK25,1.3929209702849565,103.89795579643935
SK26,1.3935143423581973,103.89655861618228
SK27,1.3848559723028522,103.90344012017628
SK28,1.3870087192667444,103.89590076347645
SK29,1.3880225732532303,103.89538993670782
SK3,1.3860441807607258,103.89742587393197
SK30,1.3937198420677013,103.89584128890542
SK31,1.3932082235368315,103.90256587963714
SK32,1.3876583459669192,103.89216437348863
SK33,1.3883315022559481,103.89239969863954
SK34,1.3966809496482975,103.90197084903332
SK35,1.3951935711256322,103.89984356864667
SK36,1.388853429245626,103.89154112843612
SK37,1.3874486506871426,103.89060865561805
SK38,1.3947766801720634,103.89468941910205
SK39,1.3962605919227666,103.89806140504734
SK4,1.3821330181549571,103.90006207293152
SK40,1.3904467559290847,103.88840339805546
SK41,1.38872795405383,103.88777616046228
SK42,1.387879204666016,103.88933309952282
SK43,1.3964681241488188,103.89718165705649
SK44,1.3894943709639047,103.88638030369792
SK45,1.397600519618371,103.89873817955828
SK46,1.392199195734594,103.88511138181323
SK47,1.3903581193809897,103.88518232392181
SK48,1.3902040655569814,103.89150780180555
SK49,1.3905130202271323,103.89045576272176
SK5,1.3876784878398374,103.90274506989354
SK50,1.3932748493327587,103.89256123233105
SK51,1.3936125125577157,103.8914760567713
SK52,1.3926975290310513,103.88999768221228
SK53,1.3925584790931957,103.88737404090254
SK54,1.3920550439026413,103.90831268087479
SK55,1.3871444368595176,103.90776944192206
SK58,1.3894447199134696,103.87821202833301
SK59,1.3954336679585913,103.89584219765395
SK6,1.389467324519619,103.90093736379617
SK60,1.387759583250722,103.87325996745565
SK61,1.3881775375590992,103.87483706518685
SK62,1.3888827807769966,103.8767194791357
SK63,1.384046610088895,103.89797731984483
SK64,1.384390986890149,103.89574224092472
SK65,1.383647183643841,103.89700587940068
SK66,1.3916668415615252,103.90693848256669
SK67,1.3819478982409492,103.8970957670353
SK68,1.3830653872629295,103.89424243103555
SK69,1.3925062248152236,103.87633404339013
SK7,1.3890692026660998,103.89799118724449
SK70,1.3842957031829393,103.89474221223811
SK71,1.3820774690154305,103.89418824518245
SK72,1.3851413505292747,103.89388818553024
SK73,1.3861118971736086,103.89424467166315
SK74,1.3921683906630253,103.87759621476141
SK75,1.391610101929331,103.87511098212575
SK76,1.3853276738945457,103.90010855296318
SK77,1.3903156800516598,103.87653275385756
SK78,1.3916838991563576,103.87407028683941
SK79,1.386134754293027,103.90003979227828
SK8,1.3898333736018254,103.90218814877576
SK80,1.3939219929429294,103.8765260190466
SK81,1.3920275267973798,103.87327575706874
SK82,1.3908424987837533,103.90901878430208
SK83,1.3941894073650947,103.87340511790605
SK84,1.389897715908134,103.91004707595529
SK85,1.3942402489764532,103.87813726284283
SK86,1.3943812008338867,103.87715995536352
SK87,1.393152021809552,103.8731219967987
SK88,1.3940211031242349,103.8741039347353
SK89,1.3948696733879469,103.88854798239005
SK9,1.3908141653016273,103.90592175523312
SK90,1.3948524363141481,103.89235786844588
SK91,1.3855235976502756,103.89149543535997
SK92,1.3861697182372452,103.89291520211343
SK93,1.3939518722581916,103.875381819187
SK94,1.3963498474206943,103.8893370608279
SK95,1.3979703351533255,103.88985718053202
SK96,1.3929133696171458,103.8782509358387
SK97,1.3928604331140668,103.88624115849477
SK98,1.3896489828157732,103.88008277711153
SK99,1.3970913852933753,103.8785554864361
SLS,1.2816757993312764,103.84297700733677
SMM,1.2933224327438246,103.80758222567272
SMML,1.2936097370332766,103.8086951002244
SM1,1.3579180845082497,103.83932819509428
SM2,1.354862791790445,103.8363407120638
SM3,1.354705140754078,103.83906659791536
SM5,1.3572223499349128,103.8396137934972
SM6,1.3613799663428785,103.83792313923097
SM8,1.3573275280540353,103.83903345689444
SM9,1.355495311708813,103.8368427438326
SPM,1.2739258167233893,103.83563161921093
SPS,1.2750954612568544,103.83617308630484
SR1,1.303590995633725,103.85084575933833
SR2,1.3031633398197322,103.85107669980185
SS1L,1.3990531774110262,103.88922947307559
STAM,1.2928501910006627,103.80993984128175
STM1,1.2902642774663728,103.80319271421484
STM2,1.2898290995549135,103.80370237466185
STM3,1.2898270512586238,103.8033264959866
S100,1.3968683411312508,103.881715032245
S101,1.3969722799644955,103.87941966679219
S102,1.3892739738021467,103.90760011419309
S103,1.3963388421285428,103.89528722452624
S104,1.3902443442059242,103.89305178725341
S105,1.3897226991117952,103.8944574348316
S106,1.3814023960148882,103.8900791730176
S107,1.3991578704764291,103.88970473952185
S108,1.3980764550818106,103.89694953065957
S109,1.391571986830565,103.8798987349062
S110,1.3933026077126274,103.88662111892198
S111,1.391814745631109,103.8712438790037
S112,1.3924906225860834,103.86972452623449
S113,1.3931035636363924,103.8856565539907
S114,1.3942085312548196,103.86962359541036
S115,1.394061206668138,103.87144931485074
S116,1.3883249512276241,103.87121820760913
S117,1.3903036982013692,103.87045246748842
S118,1.3981368438017931,103.87638295653969
S119,1.3871193185393837,103.91108396378736
S120,1.3968220896644703,103.88847024863364
S13L,1.3943101239551081,103.88702095718163
S14L,1.393568156444722,103.88428733664804
S15L,1.3898443846859627,103.87014825133372
S16L,1.3980382156927311,103.8768218934538
S19L,1.4513660567718123,103.82091139683449
S24L,1.4531611101920539,103.8237047130531
S28L,1.4548200839405943,103.8167550426611
S30L,1.3945617002088786,103.89483022537868
S36L,1.447837709907731,103.83362049901474
S38L,1.4455889552961991,103.83282740751302
S39L,1.3739074487299365,103.87175191509498
S40L,1.446517923907347,103.82973204035765
S43L,1.4446854197624044,103.83025714496692
S45A,1.4430178445444928,103.83103336006101
S45L,1.4433715562556602,103.83171671151023
S47L,1.448145006456636,103.82934299684881
S50L,1.4419551329561693,103.8225504618667
S69A,1.392068698044541,103.87687587467751
TAM1,1.355179876416701,103.94595187637917
TAM2,1.360293334389214,103.95315510409588
TBCM,1.277544772322185,103.82112429824346
TBC2,1.2757430581846363,103.82068963521877
TBC3,1.2790442396857193,103.8175781692421
TBK,1.2773607628817047,103.8100471507127
TBL,1.2764807593689043,103.80676130700182
TBM,1.2717912859952192,103.81066870217572
TBMT,1.2737962540502121,103.80690132190541
TBM2,1.2753043651293587,103.80922332015449
TBM3,1.2733743359112941,103.80897284613786
TBM4,1.2772968603551003,103.80776708675565
TM18,1.3523979713180423,103.93803491918668
TBM5,1.274998507079263,103.8117515396651
TBM6,1.27333300146065,103.81111137475256
TBM7,1.2762661203482861,103.81083577381318
TBM8,1.2772069380595075,103.8072808650482
TBM9,1.274784117407762,103.80719141319831
TB1,1.2784436505669539,103.81857405338022
TB10,1.272406389504725,103.8232073879553
TB11,1.2706126262273696,103.82353547243741
TB14,1.2818252116961137,103.80734533801882
TB17,1.274814857226147,103.81301980698007
TB18,1.2765122720178543,103.80981167433967
TB19,1.2746646911948152,103.80871041296733
TB2,1.277605691154847,103.81934329580649
TB22,1.273911368539902,103.8075810262176
TB23,1.281342169104228,103.81521890869666
TB28,1.2720250401511541,103.80911204099385
TB29,1.273135617253316,103.80698427155029
TB3,1.276839182859871,103.81946766823697
TB4A,1.2776343854674224,103.8224402252545
TB6,1.2739507972210307,103.82215128778117
TB7,1.2734514848823009,103.82139918679424
TB8,1.2726440475687442,103.820754852551
TB9,1.2732889977607464,103.82223343925538
TE1,1.2813137150572276,103.82645402589318
TE13,1.2832266599714905,103.8305745567535
TE14,1.2769805823717495,103.82885466487458
TE2,1.2799822967820182,103.8250799734771
TE21,1.2829905284723702,103.83158438729406
TE22,1.2834306517182228,103.83258282577599
TE23,1.2842590600348192,103.83352601524115
TE24,1.2843450233069789,103.83010916150751
TE25,1.2773716640930237,103.83078772296413
TE26,1.2852865683978083,103.83085215573304
TE27,1.283665894606537,103.83155028187858
TE28,1.2826212098586078,103.83264485484851
TE29,1.2820927498333108,103.83131204800384
TE3,1.2797413916490035,103.82614156083415
TE30,1.2828840851961176,103.83019652469024
TE4,1.278369639755716,103.82784357064948
TE9,1.2838768066709862,103.83297237300414
TGML,1.3217496873149626,103.73934148022114
TGM1,1.3211726817146217,103.73891401431416
TGM2,1.3221450186133532,103.73829445496793
TGM3,1.323261328455711,103.73932836739313
TGM4,1.322522221646899,103.73725175304064
TG1,1.3233129928646263,103.7376345093951
TG2,1.32157429694808,103.7376019001642
TG3,1.3206349930588046,103.73897739773945
TG6,1.3218251384145028,103.741092696946
TG7,1.3201453629777036,103.74229100005509
THM,1.2982031224521287,103.79789417922284
THPP,1.3578681355771716,103.7340999263074
TH1,1.3554337141665256,103.73460441714036
TH1L,1.3548198831283724,103.73522278305373
TH2,1.3563702236324724,103.73240237982296
TH20,1.359597403965286,103.7304430468858
TH21,1.3572405412819055,103.73044775351732
TH22,1.3610011207332384,103.73218424591919
TH23,1.3601417730416205,103.73325444701106
TH24,1.3605234514127078,103.72847480614048
TH3,1.3591258597448292,103.73487590542123
TH3L,1.3578627749012326,103.73351988243498
TH30,1.3631504400062475,103.73883056922084
TH31,1.3607943766979014,103.7368265592464
TH32,1.3624092182492735,103.73526902083772
TH33,1.3633776430733664,103.73341965878755
TH4,1.3576852282425464,103.73618211445492
TJ1K,1.3342106478373381,103.72152435155063
TJ18,1.3318116622752592,103.72263118531255
TJ27,1.3271974323386024,103.72106615550815
TJ28,1.3371197566812698,103.72045887880435
TJ29,1.3281427792350193,103.72230234256962
TJ30,1.3301014238029596,103.72223918558402
TJ31,1.3385945699313244,103.72287016767285
TJ32,1.3400495011789735,103.72018296671978
TJ33,1.337109414406709,103.72324981677069
TJ34,1.334020235539566,103.72454031143974
TJ35,1.332900638736559,103.72248400459583
TJ36,1.3362078554823698,103.72452979381964
TJ37,1.3382825338635973,103.72252831122361
TJ38,1.3323135685345087,103.72177968691923
TJ39,1.3279067611579443,103.7233238770191
TJ40,1.3303922793325875,103.72149803520969
TJ41,1.326821061387296,103.72339760723634
TJ42,1.327225464370421,103.72234935625218
TM1A,1.343561750214539,103.93604892903156
TM1B,1.3414182581022234,103.93468619275438
TM10,1.3533536463794174,103.96025509665785
TM11,1.3544003715798585,103.9585245233876
TM12,1.3558304340730032,103.95721552075251
TM13,1.3563570937883112,103.95910066578033
TM14,1.3491501505382808,103.93057172796932
TM15,1.3577306247732577,103.95222370166888
TM16,1.3557548071635077,103.95023113290024
TM17,1.351213154891125,103.9379870586498
TM19,1.3573426549157683,103.95934486358404
TM20,1.3581427179881114,103.9610214920974
TM21,1.3514133266988884,103.96047384946188
TM22,1.352264486560788,103.96282948823168
TM23,1.3546614860304713,103.96218106175438
TM24,1.3554179483948305,103.96144236093939
TM25,1.3587147470147338,103.95849513834342
TM26,1.359826679786971,103.95962522398658
TM27,1.36065300511494,103.9598884790276
TM28,1.362833734951973,103.95687967842403
TM29,1.3606853861366743,103.95910880324689
TM3,1.3612627825031405,103.95056497201216
TM30,1.3568738297975131,103.93665140890116
TM31,1.3587518558468132,103.93665544860933
TM32,1.3595356023853955,103.93523070362784
TM33,1.356363667330087,103.93607194832354
TM34,1.3572198097447834,103.93343290207541
TM35,1.3599148478753333,103.93413927453078
TM36,1.3571629858521417,103.93907329779317
TM37,1.3561768438388753,103.93860723824379
TM4,1.363095228751709,103.95216148876725
TM41,1.3475301018629275,103.94141848248198
TM42,1.3489369754158578,103.93350745764535
TM43,1.353387177640572,103.95223471017073
TM44,1.3592000246240483,103.95631685027023
TM45,1.3553474172451743,103.93300299723555
TM46,1.3585465791925986,103.93844376960809
TM47,1.356712431701248,103.94015046680171
TM48,1.3470782741084315,103.9341414275888
TM49,1.3639797760612586,103.95302368936657
TM5,1.363108337353694,103.9540792437761
TM50,1.356448330445218,103.93111964390374
TM51,1.351182903911401,103.92875608502416
TM52,1.3638640262558084,103.9557136213266
TM53,1.3548531044473473,103.9386890231192
TM54,1.3535292620183683,103.9299226435963
TM55,1.3548790403480122,103.93070583108579
TM56,1.3543967795407494,103.94087133818627
TM6,1.3532478142057665,103.95634938237889
TM7,1.3528089666562568,103.95762516100383
TM8,1.3515006916954586,103.95720428465218
TM9,1.3533454115738093,103.9590930658871
TPB1,1.3360648632051915,103.85659747937642
TPL,1.2769075748749301,103.8430074041102
TPM,1.2754814002517192,103.84229740226186
TPMA,1.3365036597802444,103.85113356861105
TPMB,1.333054806550548,103.84524077047003
TPMC,1.341935891063596,103.8461606844804
TPMD,1.3302080747111178,103.84491120787658
TPME,1.3384461334209439,103.84984683207784
TPMF,1.3351666442919863,103.84559712610049
TPMG,1.33824903865788,103.84407314986845
TPMH,1.3320229196131728,103.85739786556677
TPMJ,1.3342662016697917,103.84548050687795
TPMK,1.3309769044577404,103.85857183592455
TPML,1.3382258757437402,103.85892321210036
TPMM,1.339014103039561,103.85800372941608
TPMN,1.3348930156411019,103.84857845222837
TPMP,1.3366841663997724,103.84480135435707
TPMQ,1.3369784658429071,103.84285368128073
TPMR,1.333736553832418,103.85567320533445
TPMS,1.3315703259175324,103.86001393483086
TPMT,1.3336243754230905,103.85909021342165
TPMU,1.340186073345381,103.8436840119817
TPM2,1.339270203865429,103.84708721261586
TPM3,1.3307490035221945,103.84223393404942
TPM4,1.3357541574703333,103.84934606220978
TPM5,1.335818685356262,103.84733993345469
TPM6,1.3348896541471729,103.85462343286792
TPM7,1.3398497061338188,103.84592176737154
TPM8,1.3366352513195725,103.85928598754175
TPM9,1.3371022986698289,103.85778898095732
TP10,1.3349161381898265,103.85359156385023
TP12,1.3340273406132328,103.85210696045941
TP14,1.3358886108582313,103.85240772188094
TP15,1.3374793997904242,103.85083354968089
TP16,1.333245746223494,103.8483161533347
TP17,1.3337730224911775,103.84859327961223
TP18,1.332589320673887,103.85074446814262
TP2,1.3361796317904415,103.8482414982292
TP20,1.3310224198845195,103.84448757302619
TP22,1.3342009367863668,103.84404232075937
TP27,1.337544127996722,103.8452675574329
TP3,1.335341205575825,103.85155022411512
TP3A,1.3395182059074235,103.85421258052381
TP30,1.340605801519672,103.84633277507496
TP31,1.3411010791516005,103.84587103389002
TP32,1.3410803478942455,103.8474497268717
TP33,1.3425174131789677,103.84708229584666
TP34,1.3379881832413978,103.8524333470043
TP36,1.3362524950520134,103.853800075281
TP4A,1.339271189725484,103.85552897461851
TP40,1.3316871944820943,103.85671423889974
TP41,1.3319694948660128,103.85824381543726
TP43,1.3348090482765809,103.85724877971708
TP48,1.3375715055634887,103.85668073960237
TP49,1.3388696011180514,103.85574267886167
TP50,1.3388784330957721,103.85443102196764
TP52,1.3414086530592122,103.8545392383077
TP53,1.3424420657666314,103.85555243223635
TP54,1.341438887484936,103.85645585589943
TP60,1.340164989877938,103.85225868390958
TP61,1.3329694275615094,103.84832067140506
TP62,1.3414197021702787,103.85046105448858
TP63,1.3417624541860327,103.84903277871588
TP64,1.3423385585651624,103.8496130554869
TP65,1.335652523129743,103.85105537987411
TP66,1.33527703622672,103.8563877342518
TP67,1.3327492745119436,103.85711091585055
TP68,1.3311357042252492,103.85929371591384
TP7,1.3398039017977645,103.84876517259396
TP8,1.3393917414646108,103.84845103464636
TP8A,1.3379496519642362,103.8494145564817
TRM,1.3003313037311046,103.88365782138288
TRS,1.3006494194943568,103.88347010008971
TR1,1.3197304025188716,103.8611096164489
TWCM,1.3182751284308722,103.85932291527888
TWM1,1.3791544765788513,103.75753302194023
TWM2,1.3796366595380933,103.75657672438598
TWM3,1.3803889157456708,103.75731672497628
TWM4,1.3829207779958597,103.7539445336796
TWM5,1.3790484537959018,103.75862147578971
TWM6,1.380093359626029,103.75818691195653
TW1,1.3776881486417756,103.75515917100017
TW2,1.378749975150724,103.75447493964853
TW3,1.3803300689506635,103.75450502128642
TW4,1.3820725108563843,103.75309846721014
TY1,1.3390367795721196,103.77438705164927
TY2,1.3384762811903597,103.77365302105225
TY3T,1.3401160500047653,103.77239112522118
TY4,1.3384628901081859,103.77197118619739
T1,1.3475709576217372,103.94694258680529
T11,1.3508262061118326,103.94331698509667
T12,1.351086009942137,103.9457646070353
T13,1.3490239873523138,103.9457387352956
T15,1.3532075642039425,103.95276157879293
T16,1.3525500507189252,103.95231205447486
T17,1.3519836463649741,103.95326871485506
T18,1.3531859030595268,103.95393938972578
WGL,1.4471338294946021,103.80416399142067
T19,1.3545340856241253,103.9533458846943
T20,1.356214509440851,103.94736027787819
T24,1.3544353263886084,103.94727897895837
T25,1.3526707593180312,103.94710797478446
T26,1.3522209278111617,103.94909820583877
T27,1.3530053637216,103.94819132677448
T28,1.354229234006053,103.94939840662852
T29,1.3540288868380261,103.95096706281251
T3,1.346640702174156,103.94744219430441
T30,1.351063981435955,103.94941558410127
T31,1.3511235363506409,103.94797870694161
T32,1.3489435958045213,103.95044650654371
T33,1.3475161741738964,103.95232364470965
T34,1.3489116274391861,103.9526857910774
T35,1.3488833306241554,103.95423767399994
T37,1.3467565733129754,103.93637336474596
T38,1.3503210301814026,103.9405361777492
T39,1.3456852935378616,103.94048978184543
T4,1.3454200181193685,103.94981419991491
T41,1.3482322058800873,103.93531166289047
T42,1.3492885418065712,103.93272407564686
T43,1.3511513824159778,103.93433411754452
T44,1.3507122252686137,103.93537332934645
T45,1.3530664094691636,103.93520583669421
T46,1.3524976218939686,103.9365303255465
T47,1.354912464910644,103.93689893386795
T47A,1.354908408076639,103.9351143616564
T47L,1.3560437447214972,103.93954257981135
T48,1.3538868383953737,103.93284999223344
T49,1.3519908804356837,103.93143000035806
T49A,1.351415214205708,103.93341841093547
T50,1.350722444483305,103.93100089511255
T51,1.348748572139395,103.93170156744084
T54,1.3536055365743227,103.94372421839103
T55,1.35629474946784,103.94525194863836
T56,1.3500859214996381,103.93287637468974
T57,1.3507467406692855,103.93306936325611
T58,1.3553423222406014,103.93112476356961
T7,1.3454696968380206,103.9458054036719
T7A,1.344961935269825,103.94562724999795
T72,1.3580941783804652,103.94561015235311
T73,1.35808555961423,103.94692216628528
T74,1.3594142202064825,103.948213461328
T75,1.359329003227221,103.95045443431617
T76,1.3601677402123447,103.95164211871018
T77,1.3616776499929377,103.95277496065557
T78,1.3576773100495547,103.95121107233138
T79,1.3574127639795266,103.9544694414271
T8,1.3464142307322382,103.94419007328689
T80,1.3597987523788795,103.954572976966
T81,1.3603298279115985,103.95796754389409
T9,1.3478163316444631,103.94364671149785
UAM1,1.334497808758932,103.87921358148871
UA2,1.3336909599995805,103.87922883841398
UA3,1.3346544348736107,103.88062786478974
UA4,1.3352920829560473,103.87892321391767
UA5,1.336513362841354,103.88118205349492
UA6,1.3342242369297455,103.8791563769783
UBKM,1.3148102349625574,103.8708758709943
UBK2,1.3155971787693,103.87139746428304
UBK4,1.3152879383142535,103.8740882168002
UBK5,1.3185357926226657,103.87395939841522
UBM1,1.3126416639781904,103.87262135331005
UBM2,1.3131084199960439,103.87038903663993
UCS,1.2866613509167766,103.84185541409289
U1,1.348389703017815,103.74698150151225
U10,1.345803542198286,103.7437242364322
U11,1.3474209171225677,103.74330320604493
U12,1.346961571834135,103.74947027262137
U13,1.347803447002071,103.75322229615675
U14,1.3469896662522876,103.75493417141703
U15,1.3488837002095344,103.75543627209288
U16,1.3504356366859596,103.75506347479029
U17,1.3500959655979141,103.75680557319679
U18,1.3510894123958355,103.7587333867077
U19,1.3485028571990136,103.75832244183836
U2,1.3498724840033915,103.74630929254846
U20,1.347131956113807,103.76049455516602
U21,1.3573554142331292,103.74858361747656
U22,1.36076433250331,103.74651456484908
U23,1.363021192573962,103.7455653333894
U24,1.3639079799053717,103.74764534848646
U24T,1.364516331909098,103.7474288288373
U25,1.3631052483305381,103.75000996550098
U26,1.36051634143148,103.75013144078066
U27,1.3595930873236584,103.75106506231056
U28,1.3578757399246892,103.75056115304244
U29,1.3585921987921117,103.74929857711686
U3,1.351391956544542,103.74435163478522
U30,1.356914375548832,103.7526951581767
U31,1.3569134026813714,103.75107360482822
U32,1.354100234198131,103.75261404178178
U33,1.3549782392536949,103.75130696430497
U34,1.3517336858231883,103.75370322750753
U38,1.3467260929497138,103.74457708245401
U39,1.3497594316284762,103.75098884548026
U4,1.3506535652301486,103.74321996303709
U40,1.3486324013971243,103.75136830370435
U41,1.3494845970551803,103.75204834998063
U41A,1.3501227441783166,103.74966938642949
U43,1.3650831137381514,103.74593691879758
U45,1.3469184920371335,103.75789892567143
U46,1.3441682107567352,103.74762688341622
U48,1.3614343194045224,103.7487706304378
U49,1.345327913138296,103.7508084878924
U5,1.350137241282892,103.74467788179155
U50,1.3473419453360576,103.75565170531753
U51,1.364844191857187,103.74648387196004
U52,1.3446076956720507,103.74501700592951
U53,1.3436012053234196,103.74672677463144
U54,1.3507782582674353,103.75525349002393
U55,1.3508337587853534,103.73824558370232
U56,1.3561462048594244,103.73733078865924
U57,1.3460024420437309,103.75535183241456
U58,1.3521444088813601,103.74047335066804
U59,1.3444850702883084,103.75538901628236
U6,1.3480295181731,103.74410352317251
U60,1.3530392226587296,103.74400854476245
U61,1.355666011714308,103.73928122312529
U62,1.351629180675143,103.74206663560328
U63,1.3592847521921212,103.74984425559444
U64,1.3545786731075924,103.73971823110486
U65,1.357396043784814,103.7399721677351
U66,1.3587025871060816,103.73962149393273
U67,1.3605269508051991,103.74232288778495
U68,1.3539415227867866,103.73975896046724
U69,1.3570852858259215,103.74346597267866
U7,1.3487076641120468,103.7420926617603
U70,1.3568141709085402,103.74142263735433
U71,1.3493000790224619,103.74533685166266
U72,1.3552577556708825,103.74180752218422
U8,1.347161978578856,103.74189460190108
U9,1.3458719785511368,103.74120383317222
WCB,1.298808293680487,103.85193775629844
WCC,1.4349017374168989,103.78661383499852
WCGL,1.4277055618254235,103.78998362192527
WDB1,1.3207700328410261,103.85324421211679
W10,1.4393517930056627,103.77532018596393
W100,1.4287044514208955,103.79224044528144
W101,1.4425443267234446,103.80578572471464
W102,1.4412048068517598,103.80661662993342
W103,1.4457460247850313,103.79733590276847
W104,1.4439746500165003,103.80753859127638
W105,1.4446673032445208,103.8088593028172
W106,1.4429357583642513,103.80847852325738
W107,1.4298007532188757,103.78959695405756
W108,1.4315825936751374,103.7753038278818
W109,1.4450222780478066,103.79733673907886
W11,1.4422667144042824,103.77271145021486
W11M,1.4427240737592832,103.7728565868057
W12M,1.4446407499951675,103.77220377085833
W13,1.4435372787951029,103.77480790698245
W14,1.4470522162929982,103.77297467231791
W17,1.4366819678680178,103.7816472217671
W18,1.4390425021739435,103.78044295062529
W181,1.4396538699810133,103.77929680078367
W182,1.4351586520067259,103.77599832470004
W185,1.436268069028048,103.77647275536083
W187,1.4374260701227373,103.77490762461252
W19,1.4375945522901385,103.77720833374295
W20,1.4350380305719785,103.77475028200838
W21,1.434675002710207,103.77803049237724
W23,1.432211251704956,103.78112571086996
W23T,1.4313183774184233,103.78038564415145
W24,1.4310240348406782,103.77933113821558
W25,1.430318472653442,103.7761943248137
W26,1.431684328302078,103.77428614577339
W27,1.4310251932285876,103.7739106135832
W28,1.4301173304284711,103.77385708979327
W29,1.43009453325602,103.77476656516593
W30,1.430290199551382,103.77406832476404
W36,1.4413783621115421,103.78641906620277
W37,1.4418753225467174,103.79043221999984
W375,1.4319087837202622,103.78240337859667
W39,1.4399002817927802,103.79122797617181
W4,1.44245815058537,103.77681951196664
W4L,1.4441330049774515,103.77750393928191
W4M,1.4415585331685614,103.77598351244053
W40,1.441596280822765,103.7920159018694
W41,1.4400107886452522,103.7933217086181
W43,1.4295038333628696,103.77206088192716
W44,1.4279898550324333,103.77226391845845
W45,1.427981404325167,103.77516184012644
W46,1.4266570986026135,103.77367553747698
W48,1.4431678994120087,103.7890260469373
W49,1.442907681358222,103.79202821147746
W5,1.4407540972608288,103.7781942519941
W5M,1.44163940382,103.77875344943092
W50,1.4429256184927517,103.79369475477213
W505,1.4321375604817523,103.79160459490237
W509,1.4332851933446518,103.78930198286736
W51,1.4422899750242872,103.79263531082324
W516,1.4341673493432678,103.79077629022994
W517,1.4341445831089241,103.7915192513934
W519,1.4345708373489494,103.79234535601525
W52,1.4413983720664565,103.78948653597355
W521,1.4339380251133964,103.7936134010419
W523,1.4329295481086504,103.7939036248058
W525,1.4325852689082725,103.79293808149389
W527,1.431970592407991,103.79255620965694
W53,1.444494152740706,103.79143331679907
W536,1.4311391533760722,103.79152360115765
W54,1.439418878830242,103.78907507943342
W546,1.4297478943267081,103.79340911605199
W549,1.4323004696114001,103.79493449356093
W55,1.4398048028708437,103.79452913617192
W554,1.432540568742617,103.79622188281198
W56,1.4381599526095137,103.79146735457682
W561,1.4270821333989643,103.79188711450689
W567,1.4280277377553432,103.78876291517845
W57,1.4367821347968852,103.78945084654232
W570,1.430903810123998,103.79003156211428
W574,1.4305890857053525,103.79844359182066
W578,1.4313637939913746,103.79669175117753
W579,1.4310428462888094,103.79553446041857
W58,1.4360501619073867,103.7922524391746
W586,1.4291763831618314,103.79470011164317
W588,1.4282160492988094,103.79469552060185
W59,1.4363199769299182,103.79461887935128
W6,1.4421024735721912,103.77795396332391
W60,1.4351079301481962,103.79307229006761
W61,1.433216701818879,103.78394716416366
W62,1.432853027627675,103.78505273108544
W63,1.432852763949027,103.78641256091377
W64,1.4379842973747647,103.79710041815831
W65,1.441136622845911,103.79597944897536
W66,1.4410960393771695,103.79799759340607
W67,1.4415022181337371,103.79906542301565
W676,1.4397622607819605,103.80073252063535
W68,1.4414225381608077,103.80052216679397
W69,1.4447277856226999,103.79980332120414
W691,1.4406094983398554,103.80621133713244
W693,1.4380924031427191,103.80370034550462
W694,1.4380422657769674,103.80501825981985
W7,1.4431361242898713,103.77760829441715
W70,1.4445112227925534,103.79680914025207
W71,1.4431865217487996,103.79898848589738
W717,1.4409284934822946,103.79864838266604
W72,1.4426259357840838,103.80191604139247
W73,1.4433108832613721,103.80376969030848
W74,1.4432155979701582,103.79635353028391
W75,1.443304601667167,103.79557899104884
W76,1.4449181264567525,103.79510174280979
W77,1.446060606235269,103.79389846144059
W78,1.4465930294608356,103.79602620929869
W780,1.4482351850031774,103.80110119714958
W781,1.4489046298922579,103.80310315645947
W782,1.4482051778503846,103.80357168153259
W783,1.4478188418343658,103.80412113202188
W785,1.447066700150355,103.80499561676923
W79,1.4477311107371884,103.79848075891469
W799,1.446460665222016,103.7999034357181
W8M,1.4401825671937183,103.77634762861848
W80,1.448166564477661,103.80034232483085
W81,1.4459803344577107,103.8000408978968
W82,1.4445143800769504,103.80160710865371
W83,1.4361090180988818,103.79715763971646
W84,1.4348354207334109,103.79591598929478
W85,1.434097578035523,103.79910136039943
W86,1.437361837023011,103.80114955716317
W87,1.4385397149030212,103.80023093157065
W88,1.4372209438665462,103.7987160427398
W887,1.4375737147522836,103.79470325887394
W889,1.43801245617434,103.79362056980065
W89,1.4358427798925448,103.7985543315889
W90,1.4341060425225822,103.80011427959637
W91,1.4351059455726942,103.8011645045016
W92,1.4362606314134871,103.8020552796305
W93,1.4377828988764243,103.80259162468799
W94,1.4405449629130556,103.80167873959974
W95,1.4441729554156417,103.80178056899146
W96,1.4388910505284656,103.7979176666449
W97,1.4394849525974833,103.79928658075366
W98,1.4395974217094105,103.80350329793218
W99,1.440762320298648,103.80553027040906
YHS,1.2865006247607842,103.83788672656173
Y1,1.4309417250183591,103.8274720865204
Y10,1.4238427576500399,103.8332822753992
Y11,1.4257754612180193,103.82995451109494
Y12,1.4367426300902302,103.83236622129537
Y13,1.4312148956597843,103.83786491910425
Y14,1.4326736396023163,103.83566122456322
Y14A,1.4345387435451724,103.83553198421866
Y15,1.4346481536830256,103.83681432353167
Y16,1.43306208670149,103.83943828884127
Y16A,1.4337532999482534,103.83914511785235
Y17,1.435063443902252,103.84116106834873
Y18,1.4357473677559216,103.83951188284229
Y19,1.4377603834864414,103.83815752931177
Y2,1.432166554284218,103.82805888962481
Y20,1.4362620559300798,103.83785583613854
Y21,1.4369020040104232,103.83715517427227
Y21A,1.437063443029208,103.834620998969
Y21M,1.435359862099705,103.83485400918325
Y23,1.4215714989067445,103.83196037677168
Y24,1.4191464276288497,103.83324223976517
Y25,1.416694061920282,103.83100850345677
Y25M,1.4177128949701714,103.8326530461173
Y26,1.4128628780398012,103.83383747728278
Y27,1.4142097093252877,103.83362348353343
Y28,1.4153793403801032,103.83371280418602
Y28M,1.415445284587028,103.8343714689353
Y29,1.4172032241911128,103.83453541086548
Y3,1.434711422193891,103.8288865213409
Y3M,1.4335446820813351,103.8274698163474
Y30,1.4164581734515593,103.83523094996403
Y30M,1.416557602351461,103.83575142662993
Y31,1.4166643684962663,103.83674085042276
Y32,1.4174854795035818,103.83859933016723
Y33,1.4222442513047042,103.8360373423916
Y34,1.4199061843091825,103.83647660968803
Y34A,1.4192692693735585,103.83606560585034
Y35,1.4196944591717864,103.83847393612979
Y36,1.4215279338478644,103.83765528696827
Y37,1.4219358916389018,103.83757636006202
Y38,1.422589620352709,103.84011109694276
Y39,1.4200499817181682,103.84052674015588
Y4,1.4347516057895653,103.83150986637429
Y4T,1.4324472329803555,103.83020908207355
Y40,1.4148476967331531,103.83671818270025
Y41,1.4301354067003174,103.83993155850956
Y41M,1.4307503087333397,103.84088483144087
Y43,1.4288994741105259,103.8410989313101
Y45,1.4271284468798144,103.8431591347614
Y45M,1.427502625106847,103.84262983673793
Y46,1.4260852523341399,103.84576379192423
Y47,1.4291071291117192,103.84555134125354
Y48,1.4293878629355858,103.84781777851174
Y48M,1.4283671256018378,103.84752949552275
Y49,1.4260720481399056,103.84798421288862
Y49H,1.424555593889528,103.84752151693623
Y49L,1.4239686967948015,103.84726485601645
Y49M,1.4242511551575956,103.847524771568
Y5,1.431114531730307,103.83210758322917
Y51,1.4215030521476781,103.84706547736427
Y51M,1.4227431505685837,103.84556918695263
Y52M,1.4203104377393363,103.84492031076019
Y53M,1.422924000109214,103.84601639752843
Y54M,1.427311893500852,103.83703535537585
Y56,1.4254497490743518,103.83676278174141
Y57,1.4239920631489649,103.84644704407421
Y58,1.4325392485155228,103.83238250558833
Y59M,1.4222526839993925,103.8491516479839
Y6,1.4325230423520172,103.83419412821716
Y60M,1.4211373154277074,103.84811947881191
Y61M,1.4200879465053684,103.84758824136432
Y62M,1.4302489130537674,103.84444690507677
Y63M,1.431657075221376,103.84500771981183
Y64M,1.4325065391262495,103.8451005003694
Y65M,1.432668821136755,103.84202257132385
Y66M,1.4337649976422135,103.8422882584646
Y67,1.436462796702934,103.84089555872305
Y68L,1.4177611354207773,103.8435853001647
Y68M,1.4183964969784908,103.84459591428705
Y69L,1.4157664916664652,103.84326755705932
Y69M,1.4160151256928248,103.84408075944778
Y7,1.4273018179324568,103.82745054301348
Y70M,1.41485982057774,103.84035181050707
Y71M,1.4165226719499084,103.84088184317305
Y72M,1.4147863643355638,103.84124713848661
Y73M,1.419135209639161,103.84156294080113
Y74M,1.4196277366097159,103.84169023040401
Y75M,1.4201764014560132,103.84308354204451
Y76M,1.4216639025638373,103.84176956974055
Y77M,1.428447699888903,103.84994391018606
Y78M,1.4247403589244705,103.85173152023536
Y79L,1.4254675481131598,103.85090114302442
Y79M,1.4264837884584007,103.85000186245718
Y8,1.4294449190692675,103.83127807040289
Y80M,1.4262264115760777,103.85279642346507
Y81M,1.4280799275220202,103.85303699135225
Y82M,1.4293855700689322,103.85071158132058
Y83L,1.4312180408429722,103.84814239079112
Y83M,1.4309061808384202,103.8468485748635
Y84M,1.431422096656128,103.84951773841914
Y85M,1.4336394922207985,103.84710309894355
Y9,1.4278309135192606,103.83401256586923
